date,ticker,title,summary,target_return,predicted_return,counterfactual_price_only_return,counterfactual_text_only_return,abs_target_return,gate_text_confidence,text_content_norm,text_noise_norm,price_content_norm,price_noise_norm,text_noise_ratio,volatility_20d,same_day_return
2024-10-04,AMD,AMD: Strong Growth Recovery Ahead,"Advanced Micro Devices' revenue growth and margins are recovering, but H1 2024 growth fell short; Q3 2024 indicates a 16% YoY increase. The Gaming segment declined due to weak gaming console sales, while the Embedded segment was affected by broader FPGA market weakness. Profitability margins show improvement, driven by normalization of amortization expenses post-Xilinx acquisition. We maintain our Buy rating on AMD, expecting growth to improve through 2025 despite H1 challenges.",0.00040963912033475935,0.0051190610975027084,0.023629333823919296,-0.030307961627840996,0.00040963912033475935,0.498202383518219,6.081003665924072,5.468504428863525,6.009056091308594,5.727007865905762,0.4734837522068182,0.023786530440605875,0.04943191581983597
2024-10-07,AMD,Why AMD Stock Could Keep Climbing,,0.01070364285260439,-0.00048341788351535797,0.02365993708372116,-0.050629131495952606,0.01070364285260439,0.492715060710907,6.170403480529785,5.6381144523620605,6.009357452392578,5.739421367645264,0.4774616496670584,0.02362094687103568,0.000409639126500716
2024-10-08,AMD,AMD: Look Far Beyond AI Event,"AMD's upcoming AI event on October 10 will showcase next-gen Instinct and EPYC processors, crucial for long-term AI growth. AMD's AI GPU roadmap includes MI300, MI325X, MI350X, and MI400, with significant performance improvements aimed at competing with Nvidia's Blackwell GPUs. Despite muted AI growth so far, AMD is projected to increase AI GPU sales significantly, potentially capturing up to 10% market share by '26. The stock trades at just 20x '26 EPS targets for 10% AI chip market share.",-0.010300918482244015,0.0032187141478061676,0.023677771911025047,-0.03155458718538284,0.010300918482244015,0.49900752305984497,6.134423732757568,5.3886613845825195,6.00840425491333,5.746117115020752,0.46764050857119194,0.022994611294050265,0.010703642849556827
2024-10-09,AMD,AMD: Betting On The Dark Horse Against Nvidia's AI Crown,"AMD is leading the pack in challenging Nvidia's crown in AI chips. AMD faces significant challenges in untethering Nvidia's system dominance. However, its acquisition of ZT systems has strengthened its hand. The market expects AMD's forward outlook to improve further, justifying its recent recovery and market outperformance. AMD's growth-adjusted valuation metrics suggest it remains relatively attractive, and the stock is still well below its March 2024 highs. I explain why AMD investors who missed buying its August and September 2024 lows shouldn't wait any further to add more exposure.",-0.03999538719654083,0.0030401870608329773,0.023595210164785385,-0.037274397909641266,0.03999538719654083,0.49695897102355957,6.132166862487793,5.5238871574401855,6.005848407745361,5.746763229370117,0.4739071342665108,0.021431682957187573,-0.010300918679750914
2024-10-09,AMD,Advanced Micro Devices: Why The 10/10 AI Event And Q3 Earnings Are Crucial For AMD Longs,"AMD's Advancing AI 2024 event on October 10 is crucial for showcasing next-gen accelerators and 5th Gen EPYC processors, pivotal for data center GPU advancements. The Q3 2024 earnings call is equally critical; strong MI300 sales are essential to sustain AMD's recent stock rally and investor confidence. AMD's competitive edge lies in offering more affordable GPU accelerators compared to Nvidia, appealing to cost-conscious companies investing in AI infrastructure. The long-term bullish outlook hinges on AMD's ability to capture market share with cost-effective AI solutions, despite short-term volatility and competition from Nvidia.",-0.03999538719654083,0.003899218514561653,0.023595210164785385,-0.03367141634225845,0.03999538719654083,0.49753302335739136,6.039614200592041,5.573265552520752,6.005848407745361,5.746763229370117,0.47992105928991274,0.021431682957187573,-0.010300918679750914
2024-10-11,AMD,AMD's Latest GPUs Should Scare Nvidia,"AMD's turnaround story includes hiring Jim Keller, switching to TSMC, and capitalizing on Intel's missteps, leading to a significant market position. AMD's new GPUs are competitive with Nvidia's upcoming Blackwell, potentially impacting Nvidia's margins while boosting AMD's performance. The primary risk is AMD's lofty valuation and the potential for customers to develop their own CPUs/GPUs, affecting long-term AI demand. Despite risks, AMD's market cap is still less than 10% of Nvidia's, presenting a lower risk profile for investors.",-0.015605427324771881,-0.0006668455898761749,0.023802241310477257,-0.042920470237731934,0.015605427324771881,0.5100179314613342,6.137546539306641,5.140532493591309,6.011241436004639,5.767922878265381,0.4557985875605246,0.024170630805791002,0.02259719137150662
2024-10-11,AMD,AMD's 'Advancing AI' Innovations Reinforce Its Path To $200,"AMD's Advancing AI presentation on the performance capabilities of its next-gen chips was a critical gauge for the sustainability of its growth outlook. The company predicts the AI accelerator TAM alone will grow at a 60% five-year CAGR through 2028, reaching $500 billion. And AMD's deepening foray across key aspects of the AI infrastructure ecosystem, spanning software, hardware, and cluster level systems, is likely to reinforce its revenue share grab over the longer-term. This will underpin an anticipated uplift in its growth trajectory that remains underappreciated at the stock's currently traded levels.",-0.015605427324771881,0.004364039748907089,0.023802241310477257,-0.031518787145614624,0.015605427324771881,0.49593034386634827,6.158153057098389,5.46124792098999,6.011241436004639,5.767922878265381,0.47001114182118564,0.024170630805791002,0.02259719137150662
2024-10-14,AMD,Nvidia's Blackwell Shortage Is AMD's Gain,"Advanced Micro Devices, Inc.'s new AI accelerator, the Instinct MI325X, launching in Q1 '25, aims to compete directly with Nvidia's Blackwell GPU, potentially boosting AMD's market share. Nvidia's Blackwell GPU is already sold out, creating an opportunity for AMD to capitalize on the supply shortage and enhance its pricing power. AMD's Data Center business surged by 115% Y/Y in Q2, and with new high-priced AI GPUs coming to market, AMD is poised for significant revenue growth and gross margin expansion. The chip company has a strong AI GPU pipeline, and FY 2025 could be a break-out year for AMD. AMD's valuation is attractive compared to Nvidia, with the potential for substantial market cap growth and EPS upside, driven by strong AI accelerator demand.",-0.05221761018037796,0.003640035167336464,0.023561451584100723,-0.030651284381747246,0.05221761018037796,0.4963494837284088,6.1507134437561035,5.371142864227295,6.009161949157715,5.769581317901611,0.4661699226803591,0.0245773028060408,-0.015605426926632249
2024-10-14,AMD,AMD: Ready To Move Higher (Technical Analysis) (Rating Upgrade),,-0.05221761018037796,-0.0026190057396888733,0.023561451584100723,-0.03553728014230728,0.05221761018037796,0.5008997321128845,6.186042785644531,5.269886493682861,6.009161949157715,5.769581317901611,0.4600138814746428,0.0245773028060408,-0.015605426926632249
2024-10-16,AMD,Underdog Mentality: Advanced Micro Devices Has A Place In AI Revolution,"NVIDIA's Blackwell GPUs are sold out, indicating robust demand for AI-boosting hardware, but AMD's MI325x and upcoming MI350 series show promising value. Despite NVIDIA's dominance, AMD's technological advancements and potential for market share growth make it a compelling investment, especially with the AI revolution accelerating. AMD has historically been valued cheaper than NVIDIA, but its recent progress suggests it may experience solid growth driven by its latest MI environment. While I consider NVDA superior and hold a higher share, I rate AMD a 'buy' due to its noticeable progress and favorable AI market conditions.",0.0007685589953325689,0.004061665385961533,0.023414090275764465,-0.034749485552310944,0.0007685589953325689,0.4936680495738983,6.117686748504639,5.381557941436768,6.009304046630859,5.760101795196533,0.46799229745442705,0.027230561443330033,-0.0032558382841110234
2024-10-16,AMD,AMD: AI And Data Centers Lead The Charge (Rating Upgrade),"I cautiously upgraded Advanced Micro Devices, Inc. to “Buy” due to its strong Q2 results, including a 9% YoY revenue increase and an 18% rise in non-GAAP EPS. AMD's data center segment saw a 115% YoY revenue surge, driven by Instinct MI300 GPUs and EPYC CPUs, positioning it well for future growth. Despite challenges in gaming and embedded segments, AMD's focus on AI and data center expansion, including the Silo AI acquisition, supports long-term growth. My updated DCF valuation model indicates AMD is undervalued by nearly 15%, making it an attractive investment opportunity at this time.",0.0007685589953325689,0.003526868298649788,0.023414090275764465,-0.03362099081277847,0.0007685589953325689,0.4927934408187866,6.132839202880859,5.359241008758545,6.009304046630859,5.760101795196533,0.4663421164890699,0.027230561443330033,-0.0032558382841110234
2024-10-22,AMD,AMD's Ryzen 9000 X3D Chips May Reignite A Consumer CPU Upgrade Cycle,"Advanced Micro Devices, Inc.'s Zen 5 Ryzen 9000 (non-X3D) chips have shown minimal performance gains, but the upcoming X3D versions could significantly boost gaming performance and productivity tasks. The X3D chips, launching November 7, 2024, may offer substantial performance improvements, potentially igniting a new upgrade cycle for gamers. AMD's valuation hinges on continued strong execution and market share gains, especially against Intel's upcoming Ultra 200S series and Nvidia's dominance in GPUs. Investors should monitor product reviews closely; strong X3D performance could drive sales, while disappointing results may maintain the status quo.",-0.007657814770936966,0.0023807603865861893,0.02294018678367138,-0.039188042283058167,0.007657814770936966,0.4889664649963379,6.093522548675537,5.477147579193115,6.010261535644531,5.725721836090088,0.4733647678711887,0.024685131057445887,-0.02412918116444951
2024-10-23,AMD,"After ASML, Could AMD Be Next? (Q3 Preview)",,0.003466083202511072,-0.0007756948471069336,0.023085732012987137,-0.04511088877916336,0.003466083202511072,0.4856201410293579,6.1717681884765625,5.520384788513184,6.013648509979248,5.729279518127441,0.472144420225845,0.024035204413178305,-0.007657814938185514
2024-10-28,AMD,AMD Q3 Preview: Status Of The Cycle,,0.039582304656505585,-6.181187927722931e-05,0.023162413388490677,-0.036866411566734314,0.039582304656505585,0.4920006990432739,6.161623001098633,5.436391830444336,6.015626430511475,5.725687026977539,0.4687346851513402,0.023506484501046268,0.023619039507890127
2024-10-28,AMD,AMD Q3 Preview: Strong Blackwell Competitor,,0.039582304656505585,-0.0004125405102968216,0.023162413388490677,-0.04022376984357834,0.039582304656505585,0.4906439185142517,6.214296340942383,5.473495960235596,6.015626430511475,5.725687026977539,0.46830879769171374,0.023506484501046268,0.023619039507890127
2024-10-29,AMD,"AMD Q3 Shows Robust Ramp Of Instinct GPU And EPYC CPU Shipments, Maintain Buy","AMD delivered record revenue in its data center business in Q3, increasing by 122% year-over-year and 25% sequentially. The strong data center growth was primarily driven by the robust ramp of Instinct GPU shipments and EPYC CPU sales. AMD's MI325X and MI355X aim to outperform Nvidia's H200, with MI325X offering 1.8x more memory capacity and 1.3x more bandwidth. I reiterate a 'Buy' rating on AMD, driven by their robust roadmap for MI325X, MI355X, and MI400 accelerators with CDNA architecture.",-0.10616537928581238,0.00496741384267807,0.023208726197481155,-0.030927913263440132,0.10616537928581238,0.4922344386577606,6.1180033683776855,5.359816074371338,6.016361236572266,5.732548236846924,0.46697163177252027,0.024371883039623052,0.039582303048599554
2024-10-29,AMD,AMD: Big Picture Appears Skewed To Downside (Technical Analysis),,-0.10616537928581238,0.0005955658853054047,0.023208726197481155,-0.036897048354148865,0.10616537928581238,0.4916936159133911,6.106103420257568,5.411316871643066,6.016361236572266,5.732548236846924,0.4698375794662962,0.024371883039623052,0.039582303048599554
2024-10-30,AMD,AMD Q3 Earnings Review: A Buying Opportunity,"Advanced Micro Devices, Inc.'s stock cratered due to a minuscule guidance miss ($50M). Despite this minor disappointment, AMD posted excellent numbers, including a record 122% revenue increase in its data center segment. AMD remains relatively inexpensive, presenting substantial opportunities as we advance. AMD's stock could go much higher as the company increases sales and boosts profitability substantially in future years.",-0.030484512448310852,0.002040138468146324,0.023312291130423546,-0.04053240269422531,0.030484512448310852,0.49471667408943176,6.106418609619141,5.351762294769287,6.020247459411621,5.761502742767334,0.46706910454862177,0.03439406100682309,-0.10616537682095861
2024-10-30,AMD,AMD: Not Time For Panic (Rating Upgrade),"AMD reported decent Q3 results, surpassing expectations on revenue, with significant growth in the Data Center segment. The company only matched bottom line estimates, and current quarter guidance was a tad light. The nearly 8% post-earnings pullback makes the valuation look a little more attractive.",-0.030484512448310852,0.002690361812710762,0.023312291130423546,-0.03611009567975998,0.030484512448310852,0.4955478310585022,6.043951511383057,5.334674835205078,6.020247459411621,5.761502742767334,0.4688329392944873,0.03439406100682309,-0.10616537682095861
2024-10-30,AMD,AMD: Why I Am Aggressively Loading Up The Truck,"AMD shares dropped 8% post-earnings despite beating top line estimates due to weak Q4 guidance.
         AMD saw a revenue acceleration of 10 PP in Q3'24 driven by strong demand for AI chips from the Data Center segment.
         Free cash flows also surged and gross margins expanded 3% Y/Y. On the negative side, then company's guidance for Q4 disappointed.
         AMD's valuation remains attractive for long term investors, and I see no fundamental reason for investors to sell.
         New product releases next year and strong demand from Data Centers should support AMD's business expansion and the risk profile is skewed to the upside.",-0.030484512448310852,0.001944059506058693,0.023312291130423546,-0.03969726711511612,0.030484512448310852,0.49510642886161804,6.078146457672119,5.445312023162842,6.020247459411621,5.761502742767334,0.4725414711406862,0.03439406100682309,-0.10616537682095861
2024-10-30,AMD,"Tempered AI Outlook, For Now -- Upgrading AMD To Buy For Intra-Quarter Trade","We're upgrading Advanced Micro Devices, Inc. stock to a buy from sell as the AI outlook is tampered for now. AMD just reported 3Q24 results and a softer-than-expected outlook for Q4 and tailing whisper numbers of AI GPU sales at $5B vs. $6B, causing the stock to pullback over 9%. Our negative thesis on AMD lacking material upside to current AI growth expectations continues to be at play, but we see a window for an intra quarter trade.",-0.030484512448310852,0.002583887428045273,0.023312291130423546,-0.041514843702316284,0.030484512448310852,0.4917701184749603,6.166386127471924,5.370372772216797,6.020247459411621,5.761502742767334,0.4655009971961217,0.03439406100682309,-0.10616537682095861
2024-10-30,AMD,"AMD: Su Fumbles, Stock Tumbles, But There's A Silver Lining (Rating Downgrade)",,-0.030484512448310852,-0.0029811225831508636,0.023312291130423546,-0.04417768865823746,0.030484512448310852,0.49544236063957214,6.159156799316406,5.3742804527282715,6.020247459411621,5.761502742767334,0.46597387537484014,0.03439406100682309,-0.10616537682095861
2024-10-30,AMD,AMD Q3: Why The Stock Is Falling Despite Earnings Meeting Expectations,"While a low Q4 revenue outlook is touted as a factor for Advanced Micro Devices' stock dropping despite earnings meeting expectations in Q3, this isn't a driving factor. AMD revenue earnings for 2024 are trending toward being largely identical to that of FY 2023, thus dashing investor convictions on forward growth. The company continues to lose revenue segment diversification benefits. The rise of “data center” revenues pits it squarely against Nvidia in the years to come. The overall outlook for AI spending continues to be cloudy due to low AI-driven labor cost benefits in the short- to mid-term.",-0.030484512448310852,0.009831486269831657,0.023312291130423546,-0.02464599721133709,0.030484512448310852,0.49738720059394836,6.080790042877197,5.638720989227295,6.020247459411621,5.761502742767334,0.4811396118643577,0.03439406100682309,-0.10616537682095861
2024-10-31,AMD,"AMD: Q3 Earnings Reset Expectations, Growth Acceleration Phase Warrants Higher Valuation","Advanced Micro Devices experienced a significant pullback following a slight miss on 4Q revenue and a weaker-than-expected margin profile, leading to an in-line EPS result for 3Q. Its Data Center GPU business remains robust in 3Q, driven by strong AI demand that accelerates overall revenue and EPS growth, despite a declining Gaming and Embedded revenue. Despite anticipated gross margin expansion in 4Q, AMD management noted that the margin profile is currently below the corporate average as the company prioritizes demand growth. The recent sell-off reset some market expectations, yet its valuation multiples remain at a premium, with a forward non-GAAP P/E of 50.4x, comparable to NVIDIA's. The premium multiples are justified by AMD's sustained growth acceleration and margin expansion phase heading into FY2025, in contrast to NVIDIA's growth deceleration and margin normalization stage.",-0.015339811332523823,0.005653070285916328,0.02333870902657509,-0.030403343960642815,0.015339811332523823,0.49689021706581116,6.129439830780029,5.261733531951904,6.029608726501465,5.796734809875488,0.46191321687422077,0.03449690381057406,-0.030484512740472258
2024-10-31,AMD,Advanced Micro Devices Brought Impressive Q3 Results: Buy When Others Are Fearful,"Advanced Micro Devices, Inc.'s recent sell-off (over 10%) raises a key question — does 'buy when others are fearful' apply? Some analysts raised concerns about future growth prospects, but their approach may not apply to long-term oriented investors. I don't expect AMD to overthrow Nvidia, but I believe it will still have enough room to expand, gain market share, and benefit shareholders. My bullish case for AMD got even stronger with Q3 results and the downward valuation shift. I have my skin in the game and have just increased my AMD position.",-0.015339811332523823,0.005467807874083519,0.02333870902657509,-0.031075505539774895,0.015339811332523823,0.5008180141448975,6.119760990142822,5.465357303619385,6.029608726501465,5.796734809875488,0.47175671106972067,0.03449690381057406,-0.030484512740472258
2024-10-31,AMD,AMD Q3: Buy The Dip As Data Center Growth Is What Counts,"I maintain a Buy rating on Advanced Micro Devices, Inc. shares despite short-term valuation concerns, as Q3 results highlighted strong AI-driven growth in the Data Center segment. AMD's Q3 revenue reached $6.8 billion, beating estimates, with Data Center revenue up 122% year-over-year, driven by AI demand. Weakness in the Gaming and Embedded segments is overshadowed by AI growth; management would be wise to focus capital on Data Center opportunities for now. Long-term risks include the cyclical nature of semiconductor stocks and geopolitical tensions, urging caution for long-term investors despite the current AI boom.",-0.015339811332523823,0.0032229628413915634,0.02333870902657509,-0.034953631460666656,0.015339811332523823,0.4899347424507141,6.115615367889404,5.279293537139893,6.029608726501465,5.796734809875488,0.4633028294600356,0.03449690381057406,-0.030484512740472258
2024-11-01,AMD,AMD's Q3 Signals Accelerated AI Push With Record Data Center Revenue,"Advanced Micro Devices, Inc.'s Q3 2024 results showed an 18% revenue increase, driven largely by a 122% growth in its Data Center segment, now comprising over half of total revenue. AMD raised its 2024 AI revenue forecast from $2 billion to $5 billion and outlined a multi-generational product roadmap through 2026. Despite Nvidia’s lead, AMD’s focus on AI data centers offers high growth potential at more attractive valuation multiples. Continued AI demand and product cadence could drive re-pricing of AMD stock.",-0.008106540888547897,0.004870535805821419,0.02305997535586357,-0.02951340563595295,0.008106540888547897,0.49352139234542847,6.152355670928955,5.3054633140563965,6.028142929077148,5.795355796813965,0.4630430382089612,0.03201742415434997,-0.015339811213403554
2024-11-04,AMD,Nothing Surprising About AMD's Results (Rating Downgrade),"Advanced Micro Devices, Inc.'s results aren't particularly exciting as the company sits near all-time highs. The company is competitive in CPUs and increasing competitiveness in the datacenter, though other segments seem to be suffering. We question whether AMD can gain enough datacenter boost to justify its valuation before we expect margins and revenue growth to slow down.",0.006751452572643757,0.0031505730003118515,0.022687772288918495,-0.03814593702554703,0.006751452572643757,0.49970072507858276,6.185729026794434,5.5590410232543945,6.025003910064697,5.781644344329834,0.4733205503015199,0.03194557679309072,-0.008106540896211323
2024-11-04,AMD,AMD's AI Software Enhancements: The Key To Future Growth,"Advanced Micro Devices, Inc. is making significant strides in software development with its ROCm stack and AI capabilities, aiming to close the gap with Nvidia's CUDA. Its acquisition of Silo AI enhances its AI expertise, potentially positioning it as a viable alternative to Nvidia in AI solutions. The successful launch of AMD's MI300X AI accelerator and its adoption by major hyperscalers like Microsoft, Meta, and Oracle bolster its growth prospects. The company must improve its free cash flow to justify its current valuation.",0.006751452572643757,0.0022054072469472885,0.022687772288918495,-0.0373271107673645,0.006751452572643757,0.4966595768928528,6.157217025756836,5.3244524002075195,6.025003910064697,5.781644344329834,0.46373503736020083,0.03194557679309072,-0.008106540896211323
2024-11-04,AMD,"AMD: Buy The Drop (Technical Analysis, Rating Upgrade)","AMD share prices have dropped substantially following earnings, based largely on forward guidance figures that may have been perceived as weak by the market. A 68% plunge in gaming segment revenues also contributed to the sell-off and overshadowed other aspects of the report that were more positive. Recent price behavior suggests that a potential trend reversal might be in place, as key support levels have been broken during this downturn. Markets seem to be overlooking incredible elements of strength in AMD's data center sales growth, which has now doubled in two consecutive quarters. Recent declines in share prices have improved the stock's risk-reward parameters, and I think AMD looks incredibly compelling right now for investors looking to add exposure in the technology sector.",0.006751452572643757,0.005967188626527786,0.022687772288918495,-0.03157906234264374,0.006751452572643757,0.4959310293197632,6.185966491699219,5.551297187805176,6.025003910064697,5.781644344329834,0.472963489565151,0.03194557679309072,-0.008106540896211323
2024-11-06,AMD,AMD: Second Fiddle As AI Competition Intensifies - Mixed Prospects Ahead,"Advanced Micro Devices is discounted due to its inability to compete directly with NVDA's AI chip dominance, as observed in the former's underwhelming forward guidance. This is on top of the ongoing hyperscaler transition to custom ASICs, with AMD potentially missing out on the generative AI capex boom. Despite promising double-digit growth through FY2026, AMD's impacted operating margins imply its lack of pricing power and delayed AI monetization. While AMD's refreshed PC cycle and Enterprise contract wins offer some optimism, we believe that investors should observe the company's execution for a little longer.",0.03252929821610451,0.006648177281022072,0.02224370837211609,-0.031181959435343742,0.03252929821610451,0.5016977190971375,6.213872909545898,5.48516845703125,6.0200886726379395,5.746679782867432,0.46885623233210316,0.032703164579711175,0.02428351230041903
2024-11-08,AMD,AMD: Why I'm Doubling Down,"Data Center revenue hit $3.5 billion in Q3 2024, growing 122% year-over-year, fueled by AI demand. Ryzen processors drove Client segment revenue to $1.9 billion, a 29% year-over-year increase, bolstering AMD’s profitability. Data Center operating income soared 240% to $1.041 billion, reflecting strong margins and high-demand products like EPYC CPUs. Gaming revenue dropped 69% to $462 million, while Embedded fell 25%, impacting AMD’s growth diversification. AMD trades near $140, with a technical target of $196, bolstered by November’s favorable seasonality and momentum indicators.",-0.004055362194776535,0.00385153666138649,0.022457338869571686,-0.035802073776721954,0.004055362194776535,0.4850400686264038,6.09031867980957,5.494747161865234,6.019820213317871,5.739308834075928,0.47429572148814025,0.03238534683444701,-0.012481713286328633
2024-11-12,AMD,Why The Market Doesn't Care About AMD's AI Revenue,"Despite its strong AI accelerator technical performance, Advanced Micro Devices, Inc. struggles to compete effectively in terms of market share and absolute dollars. Its Data Center operating margins aren't competitive internally, let alone against Nvidia. AMD requires significantly more R&D as a percent of revenue to be a distant second than Nvidia requires maintaining the lead. If you're investing in AMD for its AI financial performance potential, you're better off elsewhere in the AI investment landscape.",-0.030146917328238487,0.007574837654829025,0.022834107279777527,-0.028166988864541054,0.030146917328238487,0.5015784502029419,6.128290176391602,5.534826755523682,6.020475387573242,5.734522342681885,0.47455811236681944,0.030764315522305585,-0.02524602013310928
2024-11-12,AMD,AMD: Recent Correction Provides New Opportunity,"AMD’s recent earnings result showed strong potential for its Data Center business and, specifically, its AI chips. The company projected $5 billion in AI chip revenue for 2024, which is up from $4.5 billion in earlier projections. AMD is in a good spot to deliver over $10 billion in AI chip revenue in 2025 and will likely be a main competitor for Nvidia in this segment. AMD’s forward P/E ratio for fiscal ending Dec 2026 is close to 20 compared to Nvidia’s P/E ratio of 30, making AMD significantly cheaper and with strong tailwinds.",-0.030146917328238487,0.0050399936735630035,0.022834107279777527,-0.03206205368041992,0.030146917328238487,0.49443429708480835,6.129295349121094,5.361733913421631,6.020475387573242,5.734522342681885,0.46660171085794666,0.030764315522305585,-0.02524602013310928
2024-11-12,AMD,AMD: Lagging AI Growth Shouldn't Last,"Advanced Micro Devices, Inc.'s Data Center revenue is surging due to AI demand, but overall growth lags Nvidia, impacting stock performance. Gaming and Embedded segments are struggling, but Data Center sales are expected to drive future growth, with no sizable segment dragging the business down going forward. AMD stock only trades at 21x '26 EPS targets with substantial upside to estimates, if new GPUs like the Mi350 take market share at lower price points.",-0.030146917328238487,0.002221588045358658,0.022834107279777527,-0.04488730430603027,0.030146917328238487,0.4984094500541687,6.120243549346924,5.5507588386535645,6.020475387573242,5.734522342681885,0.47560257929174,0.030764315522305585,-0.02524602013310928
2024-11-14,AMD,Unattractive AMD Chart Pattern And Valuation Still A Sell,"AMD's stock has severely underperformed in 2024 despite AI chip success, lagging behind NVIDIA and the broader semiconductor sector. Technical indicators show a lack of buying interest matched against significant selling volumes, with troubling EMV, Force Index, and Chaikin Money Flow readings. Operating risks include the effects of potential trade wars and geopolitical tensions with China, which could severely impact AMD's chip supply and stock performance. I remain bearish on AMD for the next 12 months, rating it a Sell, with a suggestion to look elsewhere for investment opportunities.",-0.02837800793349743,0.010340429842472076,0.023303629830479622,-0.022289788350462914,0.02837800793349743,0.5004143118858337,6.172217845916748,5.406500816345215,6.026060581207275,5.739983081817627,0.46693429333989533,0.031291620904334266,-0.003302273537612699
2024-11-19,AMD,AMD: Generational Buying Opportunity,,-0.012841619551181793,-0.004834165796637535,0.023048270493745804,-0.05066421627998352,0.012841619551181793,0.49988773465156555,6.199103832244873,5.485114097595215,6.031612396240234,5.752668857574463,0.46944640458874215,0.03224570532005973,0.0033110684381931765
2024-11-19,AMD,AMD: The Overvalued AI Laggard,"Advanced Micro Devices, Inc.'s AI revenue growth appears impressive only until Nvidia enters the conversation. AMD's inventory issues are snowballing, and the company plans a 4% workforce reduction, contrasting Nvidia's aggressive headcount expansion. AMD is significantly overvalued with a fair share price of $87, while the current price is $139, indicating a 37% downside potential.",-0.012841619551181793,-0.00016194768249988556,0.023048270493745804,-0.04554877430200577,0.012841619551181793,0.5006164312362671,6.160624980926514,5.452294826507568,6.031612396240234,5.752668857574463,0.4695024952309391,0.03224570532005973,0.0033110684381931765
2024-11-21,AMD,AMD: It's Like 2017 All Over Again,"AMD's growth in AI data center GPUs, driven by strong product launches and a robust roadmap, positions it to challenge Nvidia's dominance. Despite missing Q4 expectations, AMD's sequential growth and expanding operating margins highlight its potential for significant revenue and EPS growth in 2025. The market's pessimism mirrors 2017, but AMD's strong product lineup and undervaluation, just like in 2017, presents a compelling buying opportunity. I recommend a Strong Buy for AMD, expecting it to deliver 20-25% y/y growth and EPS growth of 60% in 2025.",0.006255004554986954,0.004822295159101486,0.022914551198482513,-0.03340701758861542,0.006255004554986954,0.4985216557979584,6.154132843017578,5.449894428253174,6.026252269744873,5.739375591278076,0.4696554308990252,0.032250278848465944,-0.0007994230048856688
2024-11-27,AMD,Why AMD Stock Is A Gift At $138 (Technical Analysis),"Advanced Micro Devices, Inc. is undervalued at $138, with significant profit growth potential, especially in the booming data center segment. AMD's data center sales surged 122% YoY in Q3, driven by the MI300 accelerator, positioning it as a strong competitor to Nvidia Corporation. Despite short-term technical challenges, AMD's fundamentals are robust, with expected profit growth of 54% in 2024, making it a compelling investment. Nvidia's supply constraints offer AMD a springboard opportunity to capitalize on its data center GPU market, enhancing its long-term growth prospects.",0.006899494677782059,0.004755502566695213,0.023298857733607292,-0.035417310893535614,0.006899494677782059,0.4918767511844635,6.136324405670166,5.411242485046387,6.0276923179626465,5.736454010009766,0.46860455854091515,0.019635057095721047,-0.010746410938286988
2024-11-29,AMD,AMD Downgrade: Don't Make The Mistake Of Buying Just Because It's Cheap,,0.03557373583316803,0.0037599895149469376,0.02340320497751236,-0.037539348006248474,0.03557373583316803,0.4876740276813507,6.099510192871094,5.44973087310791,6.028775691986084,5.737900257110596,0.4718691766821716,0.01875584454000873,0.006899494603032297
2024-12-02,AMD,AMD Throws Up A Bull Flag (Technical Analysis),"Advanced Micro Devices, Inc.'s price action shows positive technicals, with a bullish flag pattern having emerged in the last few months. Currently, AMD has retraced 39.39%, forming a full bull flag pattern, suggesting a continuation of the previous bullish trend. There is a healthy support level below, in case of fundamental changes to the stock that may negatively impact it. This article also reviews oscillators and momentum signals for AMD.",-0.000563155219424516,0.010317457839846611,0.023266898468136787,-0.013733485713601112,0.000563155219424516,0.510452926158905,6.0598955154418945,5.486110687255859,6.0260515213012695,5.728811740875244,0.475152238007073,0.020283040370235452,0.035573736283440294
2024-12-02,AMD,AMD Stock: I'm Buying This Dip,,-0.000563155219424516,0.0029591061174869537,0.023266898468136787,-0.03810784965753555,0.000563155219424516,0.49180281162261963,6.086669445037842,5.548905849456787,6.0260515213012695,5.728811740875244,0.47689140493824783,0.020283040370235452,0.035573736283440294
2024-12-02,AMD,AMD: New Highs In 2025? Don't Be Surprised,,-0.000563155219424516,-0.0011916141957044601,0.023266898468136787,-0.04522808641195297,0.000563155219424516,0.4982474148273468,6.140697479248047,5.563808441162109,6.0260515213012695,5.728811740875244,0.4753561131922315,0.020283040370235452,0.035573736283440294
2024-12-03,AMD,AMD: Positioned For Takeoff As 2025 Demand Gains Momentum,"Advanced Micro Devices, Inc.'s Q3 2024 earnings pullback is a dip-buy opportunity due to strong AI and data center momentum, with data center revenue surging 122% YoY. Significant customer wins with Meta and Microsoft validates AMD's AI capabilities, positioning it for continued market share gains and robust growth in AI accelerators. AMD's valuation, despite being higher than the sector median, is justified by its exceptional execution, strong profitability metrics, and superior growth prospects in AI and data centers. Risks include competition from Nvidia and Intel, potential custom silicon solutions from hyperscale customers, and manufacturing capacity constraints, but AMD's strategic investments and product roadmap mitigate these risks.",0.014156992547214031,0.005347808822989464,0.02320225164294243,-0.034360699355602264,0.014156992547214031,0.49542146921157837,6.12671422958374,5.432656288146973,6.025986671447754,5.732243537902832,0.4699785580722971,0.020189089027550983,-0.0005631552332083789
2024-12-03,AMD,AMD: Strong Fundamentals Are Fully Priced In,"Advanced Micro Devices' data center product adoption is driving strong growth and margin expansion. This is likely to continue with the acquisition of ZT Systems. Data on guidance surprises vs consensus and normalized EPS estimate revisions suggests that the stock's growth prospects are fully priced in. Valuations are also near fair value levels, both relative to AMD's historical valuation multiples band and its sectoral peers. Relative technicals too suggest a pause to the uptrend as the stock is starting to range at a key 12-monthly resistance vs the S&P 500. A look at the net working capital intensity reveals that the EBIT margin growth over the past year is purely optical as the operating cash flow margins have been stable.",0.014156992547214031,0.003915170207619667,0.02320225164294243,-0.036666035652160645,0.014156992547214031,0.5003132224082947,6.126131534576416,5.452847480773926,6.025986671447754,5.732243537902832,0.4709264498661387,0.020189089027550983,-0.0005631552332083789
2024-12-11,AMD,AMD: 2 Reasons To Be Greedy When Others Are Fearful,,0.0034576428588479757,0.0019667018204927444,0.023482823744416237,-0.040132902562618256,0.0034576428588479757,0.4894562065601349,6.09803581237793,5.419704914093018,6.038273811340332,5.7605156898498535,0.47055277964684245,0.022667413022628584,0.0188664167294339
2024-12-11,AMD,AMD Is Back In The Buy Zone (Rating Upgrade),,0.0034576428588479757,0.004269978031516075,0.023482823744416237,-0.035690195858478546,0.0034576428588479757,0.48486587405204773,6.12193489074707,5.363040924072266,6.038273811340332,5.7605156898498535,0.46696144689758423,0.022667413022628584,0.0188664167294339
2024-12-16,AMD,AMD Looking To Avoid New Low,,-0.013181827962398529,0.005071137100458145,0.023017210885882378,-0.03561220318078995,0.013181827962398529,0.4902517795562744,6.116386413574219,5.632440567016602,6.040277481079102,5.780868053436279,0.4794045036428718,0.02190647230601998,-0.0017335215062233011
2024-12-16,AMD,"Advanced Micro Devices: Santa Gave Me A Christmas Gift, And I'm Buying The Dip","AMD's recent underperformance is due to competition and market skepticism, but I believe it remains undervalued and poised for growth in 2025. AMD's competitive AI Accelerator GPU roadmap and market share gains against Intel in CPUs highlight its strong fundamentals and growth potential. Financials show robust data center revenue growth and improving operating leverage, suggesting AMD's margins will improve significantly in 2025. Trading at a lower P/E ratio than peers, AMD is undervalued with a potential 27% upside, making it an attractive investment opportunity.",-0.013181827962398529,0.0053598396480083466,0.023017210885882378,-0.033446237444877625,0.013181827962398529,0.4921524226665497,6.145038604736328,5.451272487640381,6.040277481079102,5.780868053436279,0.4700867753732063,0.02190647230601998,-0.0017335215062233011
2024-12-18,AMD,Advanced Micro Devices: A No-Brainer Buy For Long-Term Value Investors In 2025,"AMD stock is a no-brainer buy for long-term value investors for 2025, despite weak technical indicators and recent Wall Street downgrades. AMD's data center revenue is expected to drive significant growth, mirroring Nvidia's trajectory from 1.5 years ago, with margins set to rise due to high OPM in data centers. Recent Wall Street downgrade looks to be a reaction to share price decline rather than fundamentals. Market share concern is less critical given rapid growing AI demand. AMD's valuation is compelling, trading at an 18% discount to Nvidia despite comparable 50+% earnings growth in 2025. My DCF model estimates a fair value of $163 for AMD. Strong Buy.",-0.020838532596826553,0.006486803293228149,0.022599954158067703,-0.030236488208174706,0.020838532596826553,0.5039399266242981,6.083804607391357,5.5179219245910645,6.036615371704102,5.777766227722168,0.47561213491624377,0.02115348263421554,-0.028875324571185246
2024-12-18,AMD,AMD's New AI Chip Patent Is More Bad News For Nvidia,"Advanced Micro Devices, Inc.'s stock has declined over 20% in six months, while other chip stocks have kept on rallying. The market may be making a huge mistake by discounting AMD from the AI race. AMD's new chiplet patent could revolutionize AI GPU technology by providing a more cost-effective alternative to Nvidia's GPUs. Despite risks and high expectations, AMD's proven track record, promising technology, and fair valuation present a compelling investment opportunity.",-0.020838532596826553,0.00843534804880619,0.022599954158067703,-0.027517100796103477,0.020838532596826553,0.4982130229473114,6.106283664703369,5.436135292053223,6.036615371704102,5.777766227722168,0.47097019371928084,0.02115348263421554,-0.028875324571185246
2024-12-20,AMD,AMD Stock: Here's Why It's Dropping And Here's Why I'm Buying (Rating Upgrade),"Advanced Micro Devices, Inc. stock has struggled over the last 12 months and has recently sold off further. The company has made impressive strides in maintaining its lead in the server CPU market and closing the gap with Nvidia in the GPU accelerator market. Shares offer favorable risk-reward at these levels.",0.045214321464300156,0.006881358101963997,0.02270404063165188,-0.031239798292517662,0.045214321464300156,0.4942525327205658,6.1491827964782715,5.4749555587768555,6.038222312927246,5.780162334442139,0.4709988294574303,0.021421088834622078,0.0027759239458193807
2024-12-20,AMD,AMD: Don't Be Fooled By The Naysayers,"AMD stock has struggled to regain momentum as investors are increasingly concerned about its AI growth inflection. Broadcom and Marvell unveiled robust AI revenue outlook recently, corroborating their positions as significant challengers against AMD. Nvidia's Blackwell AI chips are expected to scale and move into volume production and delivery through 2025, heightening AMD's execution risks. AMD management needs to provide a convincing answer to the market's concerns with a solid FY2025 AI revenue outlook. I argue why, while these concerns are valid, the market isn't foolish, as it has already baked in significant pessimism.",0.045214321464300156,0.004163807258009911,0.02270404063165188,-0.03913382440805435,0.045214321464300156,0.4978931248188019,6.168949127197266,5.462729454040527,6.038222312927246,5.780162334442139,0.469642400783975,0.021421088834622078,0.0027759239458193807
2024-12-24,AMD,Why AMD's 2025 Could Be Worse Than 2024: AI Dreams Are Crumbling,"AMD faces significant competitive headwinds in AI and GPU markets, struggling against NVIDIA's dominance and custom silicon solutions from major cloud providers. Nvidia continues to dominate the business for AI accelerators, which could limit AMD’s projected market share at below 5%, especially as benchmark data for MI300X disappoints. AMD's PC processor market may see a slowdown in 2025, with Intel and Qualcomm posing tough competition, especially in enterprise segments. As MI300X reality disappoints against the expectations, AMD's valuation premium should slowly fade. Personally, I would expect AMD shares to trade down to 20-25x P/E.",-0.009739515371620655,0.008075004443526268,0.022407615557312965,-0.032802656292915344,0.009739515371620655,0.5006019473075867,6.08875036239624,5.405089855194092,6.037402153015137,5.785101413726807,0.4702597002280924,0.023949460024002833,0.013563422649296886
2024-12-24,AMD,AMD: Well-Positioned To Capitalize On New AI Paradigm,"Advanced Micro Devices has transformed into a major player in the data center, enterprise-grade CPU, GPU, and adaptive SoCs markets, despite recent underperformance. The AI revolution, particularly OpenAI's o3 breakthrough, positions AMD's Zen-based EPYC processors and Instinct GPU accelerators for significant future growth. The Company's competitive strengths lie in its x86 CPU designs and advanced GPU architectures, with significant adoption among major cloud providers and enterprise clients. Despite risks from NVIDIA's ecosystem and industry cyclicality, AMD's accelerating momentum in AI hardware and data center segments suggests strong growth potential.",-0.009739515371620655,0.004179229959845543,0.022407615557312965,-0.03751093149185181,0.009739515371620655,0.4926847815513611,6.190138339996338,5.433152675628662,6.037402153015137,5.785101413726807,0.46743668968835905,0.023949460024002833,0.013563422649296886
2024-12-26,AMD,AMD: A Top Pick For 2025,"AMD is significantly undervalued, despite narrowing the technology gap with Nvidia and raising AI revenue guidance throughout 2024. AMD's potential market share in the AI GPU space could grow, driven by new product releases and partnerships with tech giants like Microsoft and Meta. Technical indicators suggest AMD is oversold, presenting a buying opportunity with a potential 12-month price target of $250, approximately 100% above its current price. AMD's robust EPS growth potential and favorable forward P/E ratios make it a top stock to own in 2025, despite execution and competition risks.",0.0010395400458946824,0.0024003684520721436,0.022305984050035477,-0.04056261479854584,0.0010395400458946824,0.5013872981071472,6.156351089477539,5.3925461769104,6.03139591217041,5.767511367797852,0.4669316950809208,0.023564598514370406,-0.009739514989443254
2024-12-26,AMD,AMD Accelerates Product Development To Close The Competitive Gap,,0.0010395400458946824,6.971322000026703e-05,0.022305984050035477,-0.042562998831272125,0.0010395400458946824,0.48466259241104126,6.112257480621338,5.47703218460083,6.03139591217041,5.767511367797852,0.4725942954930329,0.023564598514370406,-0.009739514989443254
2024-12-31,AMD,Why AMD Stock Offers Both Value And Growth Potential,"AMD's strong fundamentals and market share gains highlight its growth potential in data centers, AI, and CPUs despite Nvidia's dominance. Trading at 27.7x forward earnings, AMD offers upside potential with secular trends and valuation that supports a high margin of safety. Risks like cyclicality and competition remain, but AMD's innovation and strategic partnerships justify its attractiveness for long-term investors.",-0.0013246432645246387,0.0034998971968889236,0.02241109311580658,-0.03948143124580383,0.0013246432645246387,0.4920029938220978,6.15169095993042,5.476104259490967,6.030377388000488,5.744137287139893,0.47094949267286745,0.02172475450235472,-0.013476000432689483
2025-01-02,AMD,AMD: This Stock Is Way Too Cheap (Rating Upgrade),"I initially covered Advanced Micro Devices, Inc. in June 2024 at $170 and rated it a Hold, but I am upgrading it to a Buy based on a compelling valuation. AMD is currently struggling against Nvidia and Broadcom in the data center GPU market, but this doesn't mean the company is doomed. AMD has a history of breaking into markets and carving out a foothold. It competes with Nvidia in gaming hardware and disrupts Intel's monopoly in server CPUs. Considering strong data center sales growth, a reasonable valuation, and a strong PEG ratio, I upgrade AMD to a Buy.",0.03929375484585762,0.009678557515144348,0.022553129121661186,-0.022732874378561974,0.03929375484585762,0.5128570199012756,6.079043865203857,5.467511177062988,6.0322136878967285,5.7427496910095215,0.4735188250563365,0.02171197179188951,-0.0013246432725940727
2025-01-07,AMD,AMD Stock: Time To Get Aggressive,"Despite recent underperformance, I'm upgrading AMD from just """"Buy"""" to """"Strong Buy"""" today. AMD's upcoming offerings for AI needs and plans to integrate FPGA-powered AI inference engines into its CPUs should give AMD an edge over peers in the hardware end-market. I expect a continued recovery in the non-data-center business units - the prospective EPS growth rates indicate a substantial level of undervaluation. My technical analysis supports a bullish stance. AMD deserves a """"Strong Buy"""" rating - I think investors who are looking to gain exposure to cheap but high-quality AI tech space representatives should take a look.",-0.04311635345220566,0.00560796819627285,0.022773174569010735,-0.034561313688755035,0.04311635345220566,0.4978923499584198,6.136404991149902,5.436860084533691,6.036576271057129,5.759945869445801,0.46977754756145035,0.025051738165575665,-0.017136249852624075
2025-01-08,AMD,"Only Room For The Best Or Cheapest, And AMD Is Neither: Downgrading To Sell","We're downgrading Advanced Micro Devices, Inc. to Sell as CES 2025 confirmed our belief that the company continues to lag Nvidia in the AI design win cycle. We had expected an intra quarter trade for AMD after AI expectations got tampered last quarter, but we no longer believe this to be the case. AMD is not the best nor the cheapest solution, and hence we see little room for it to compete meaningfully. AMD's premium multiples are also unjustified at current levels, in our opinion. Our take is that investors should take advantage of the post-CES boost in investor confidence and explore windows out of the stock.",-0.04760337993502617,0.014675788581371307,0.022921834141016006,-0.01317724771797657,0.04760337993502617,0.5040477514266968,6.133956432342529,5.468617916107178,6.036347389221191,5.762896537780762,0.4713279787633856,0.023809892396967562,-0.04311635446647022
2025-01-10,AMD,AMD: Stop The Wishful Thinking And Face The Reality,"Many bullish investors have recently argued that Advanced Micro Devices, Inc. is a stock worth buying given its cheap valuation, although the shares are rightfully trading at a discounted valuation. The bearish risks against AMD have continued to compound, with its technology continuing to lag Nvidia’s offerings, while we simultaneously witness the rise of the ‘custom silicon’ wave. Amid the ‘custom silicon’ wave just getting started, investors could allocate more capital to stocks like Broadcom and Marvell Technologies instead, while Nvidia trades at an attractive valuation too.",0.011030668392777443,0.011431509628891945,0.023022618144750595,-0.021087052300572395,0.011030668392777443,0.5075314044952393,6.087040901184082,5.48368501663208,6.038250923156738,5.768620491027832,0.4739274835114742,0.02542374944017756,-0.04760337817376936
2025-01-10,AMD,AMD: Expect Bears To Feast On Overhyped Data Center Opportunity,,0.011030668392777443,-0.0002197418361902237,0.023022618144750595,-0.039257727563381195,0.011030668392777443,0.5008243322372437,6.135811805725098,5.489661693572998,6.038250923156738,5.768620491027832,0.47220972925567045,0.02542374944017756,-0.04760337817376936
2025-01-10,AMD,AMD: An Attractive Valuation Despite AI Skepticism,,0.011030668392777443,0.0029171574860811234,0.023022618144750595,-0.02636859379708767,0.011030668392777443,0.4994406998157501,6.174291133880615,5.4953413009643555,6.038250923156738,5.768620491027832,0.47090954506459476,0.02542374944017756,-0.04760337817376936
2025-01-10,AMD,"AMD: The Time To Buy Is Near (Upgrade, Technical Analysis)",,0.011030668392777443,-0.0010929200798273087,0.023022618144750595,-0.040058866143226624,0.011030668392777443,0.49901798367500305,6.177802085876465,5.26921272277832,6.038250923156738,5.768620491027832,0.46031326165437886,0.02542374944017756,-0.04760337817376936
2025-01-13,AMD,AMD: Painful Start To Big 2025,"Advanced Micro Devices, Inc. got hit with several major analyst downgrades, leading to the stock trading at new recent lows, providing a great opportunity. The chip company will report Q424 results in a few weeks with 2025 AI GPU guidance crucial with targets between $8 to $10 billion likely leading to a relief rally. The stock trades at just 23x '25 EPS targets of $5+, but the current consensus estimates appear base case targets with potential upside.",-0.010484174825251102,0.0027437135577201843,0.022978154942393303,-0.038104601204395294,0.010484174825251102,0.503688633441925,6.088375091552734,5.495797157287598,6.043378829956055,5.782452583312988,0.47442294876418956,0.02510331897826126,0.01103066846947609
2025-01-13,AMD,AMD's Downcycle Has Begun: Here Is When I'll Start Buying,"Understanding which businesses are deeply cyclical is critical for investors. Every investor who purchased Advanced Micro Devices, Inc. stock in 2024 and still holds is currently underwater despite rising earnings and a positive outlook from AMD. This article explains how this sort of disconnect between fundamentals and stock price can happen, and how investors can avoid the worst pitfalls and profit from them. I share my history with AMD stock as well as my current buying strategy, including the price at which I'll add to my position.",-0.010484174825251102,0.013212684541940689,0.022978154942393303,-0.01755751483142376,0.010484174825251102,0.5048672556877136,6.081745147705078,5.567408561706543,6.043378829956055,5.782452583312988,0.47792386473603027,0.02510331897826126,0.01103066846947609
2025-01-14,AMD,AMD: Poised To Keep Falling Further,,0.033336229622364044,0.0035268794745206833,0.022632479667663574,-0.03465002030134201,0.033336229622364044,0.49752500653266907,6.085736274719238,5.552331924438477,6.041077136993408,5.779402256011963,0.477083638746836,0.025053233607286354,-0.010484174566426141
2025-01-15,AMD,AMD Q4 Preview: Be Greedy When Others Are Fearful (Rating Upgrade),"AMD's Data Center segment, driven by AI demand, is forecasted to achieve robust revenue growth, contributing to a projected 35% stock CAGR over the next three years. With a 35% margin of safety, an FY2027 price target of $280, and a discounted intrinsic value of $175, AMD's current $115 price represents a strong buying opportunity. Geopolitical tensions (e.g., Taiwan) and recession risks pose challenges, but AMD's AI positioning and my cash strategy offer resilience and support a bullish outlook.",-0.01267086248844862,0.002930285409092903,0.02248518168926239,-0.03744667023420334,0.01267086248844862,0.4947197735309601,6.140533447265625,5.45067834854126,6.0381975173950195,5.772355556488037,0.47024232190395915,0.025889966419453903,0.03333622937947234
2025-01-16,AMD,AMD: My Highest Conviction Play - Betting Big Again,,0.02549811452627182,0.0026669707149267197,0.022315246984362602,-0.036895088851451874,0.02549811452627182,0.4918014407157898,6.1618170738220215,5.483436107635498,6.035651683807373,5.767091751098633,0.47087306924045086,0.02598838277152345,-0.012670862409694394
2025-01-17,AMD,AMD: The Steal Of The Year Is Already Here,,0.006751191336661577,0.002010466530919075,0.02229015715420246,-0.03807277977466583,0.006751191336661577,0.4958721697330475,6.0151567459106445,5.521965026855469,6.033177375793457,5.757668495178223,0.4786258770267844,0.026625428976938533,0.025498113650921805
2025-01-17,AMD,Assessing HSBC's Skepticism: An Unjustified Downgrade; Reiterate Strong Buy On Advanced Micro Devices,"AMD offers less competitive AI GPU than Nvidia is not new news. This explains the 20% valuation discount of AMD to Nvidia. AMD could deliver 30% earnings growth pa assuming market share stays the same, as CEO Lisa Su projects demand for datacenter GPU to grow 60% pa to $500bn by 2028. AMD's PEG is well below 1 in 2025-27E, suggesting AMD is being undervalued rather than overvalued. For long-term value investors, the recent pullback in share price on the back of HSBC's downgrade offers a golden opportunity to buy the stock. Strong Buy.",0.006751191336661577,0.003586176782846451,0.02229015715420246,-0.03883979469537735,0.006751191336661577,0.49632686376571655,6.1041340827941895,5.477519989013672,6.033177375793457,5.757668495178223,0.47294798783073777,0.026625428976938533,0.025498113650921805
2025-01-21,AMD,AMD: DeepSeek Is A Big Deal,"AMD shares have fallen 23.37% since October, mainly due to concerns about competition with Nvidia's Blackwell chips, but AMD can still compete effectively. Breakthroughs from DeepSeek V3 model significantly reduce AI training costs, positioning AMD GPUs as an even more cost-effective alternative to Nvidia's, enhancing AMD's market position. AMD's forward P/E ratio is undervalued, and aligning its PEG ratio with the sector median could lift its valuation by approximately 130.49%. Despite risks, AMD's competitive total cost of ownership and DeepSeek's advancements make AMD shares a strong buy for future growth in the AI GPU market.",0.012021600268781185,0.00550033338367939,0.022292276844382286,-0.03372146934270859,0.012021600268781185,0.49568307399749756,6.113247394561768,5.464989185333252,6.032757759094238,5.7545952796936035,0.4720053133844611,0.025850337411043027,0.0067511913469875395
2025-01-21,AMD,AMD: Lacking Entry Price With Expensive Buybacks,"Despite strong revenue growth driven by the Data Center segment, AMD's share price is down 26% since July, reflecting market skepticism.
         Free cash flow for the first nine months of 2024 was $1.3B, with significant portions allocated to stock buybacks that paired with stock-based compensation.
         AMD's competitive edge lies in producing high-performance, power-efficient CPUs, crucial for data centers aiming to reduce total cost.
         Long-term prospects are promising, with AMD poised to benefit from the expanding TAM, but today's price is rewarding them for results years down the line.",0.012021600268781185,0.005422258749604225,0.022292276844382286,-0.03112819604575634,0.012021600268781185,0.4951252341270447,6.136556148529053,5.375118732452393,6.032757759094238,5.7545952796936035,0.46692760072057055,0.025850337411043027,0.0067511913469875395
2025-01-22,AMD,AMD: Don't Catch A Falling Knife,"AMD faces significant headwinds, including disappointing CES 2025 performance, slowing hyperscaler capex growth, and mega-cap tech companies developing their own chips, impacting AMD's customer base. AMD's focus on AI CPUs is risky due to low workplace AI adoption and poor performance of Microsoft's AI Co-Pilot, suggesting limited demand for AI PCs. AMD is losing market share to Nvidia in GPUs due to a lack of backward compatibility in new software, and Broadcom is emerging as a strong competitor in AI chips. Long-term growth prospects in AI and data centers face headwinds as tech companies produce their custom AI chips instead. Valuation analysis indicates AMD's fair value is around $96, with technical analysis suggesting a bearish trend, leading to a 'Sell' rating with a $96 price target.",-0.005737366154789925,0.0066701918840408325,0.022348830476403236,-0.027649780735373497,0.005737366154789925,0.507412314414978,6.201868057250977,5.305037975311279,6.032216548919678,5.750922203063965,0.46103078970998945,0.025452248017486228,0.012021599896777202
2025-01-22,AMD,"AMD: A Top AI Megatrend Play, On Sale","Advanced Micro Devices is well-positioned to benefit from the ongoing AI megatrend. The valuation is compelling (1.0x forward PEG ratio and 44% upside potential, as per 36 Wall Street analysts). After reviewing the business, the AI megatrend, AMD’s valuation and the big risk factors, we conclude with our strong opinion on investing.",-0.005737366154789925,0.005685849115252495,0.022348830476403236,-0.03473321348428726,0.005737366154789925,0.49092406034469604,6.138816833496094,5.486627101898193,6.032216548919678,5.750922203063965,0.47194989992540337,0.025452248017486228,0.012021599896777202
2025-01-24,AMD,AMD: I Am Buying Even More Aggressively Now (Rating Upgrade),"A lower base allows AMD to achieve a higher estimated EPS CAGR over the next five years while trading at more attractive valuation multiples. AMD's AI-focused processors and new GPU releases at CES 2025 position it well against Nvidia, with potential market share gains. I also think that AI PCs are what should boost AMD's performance this year. My valuation analysis shows over 27% upside potential, with AMD trading at lower multiples and expected to outperform EPS estimates in the coming quarters. I'm thinking of increasing my current position in AMD amid the rising negativity regarding its future prospects.",-0.06374140828847885,0.0038874242454767227,0.022491391748189926,-0.03836776316165924,0.06374140828847885,0.49293053150177,6.134552478790283,5.4515557289123535,6.030810356140137,5.744242191314697,0.47052518681705374,0.02339072515586155,-0.0016255248386581878
2025-01-27,AMD,AMD: Now Is The Time To Strike (Rating Upgrade),"Advanced Micro Devices, Inc.'s stock, which we previously rated a “Hold,” now appears to be a “Buy” due to improved financials, better data center execution, and a more attractive valuation. Recent gains in data center revenue and net income growth likely foreshadow strong future performance, with EPS growth projected at 25%+ over the coming years. The DeepSeek news is a relative “plus” for AMD, as public cloud providers will still need long-tail compute, but may opt for cheaper MI300 chips. At less than 20x FY '26 P/E, AMD's shares offer a compelling investment opportunity, at this price.",-0.00730374688282609,0.006512505933642387,0.02262190729379654,-0.029663698747754097,0.00730374688282609,0.49472713470458984,6.169561862945557,5.363642692565918,6.031641960144043,5.74312162399292,0.4650609175228997,0.027053534951506267,-0.0637414069935538
2025-01-27,AMD,AMD: When Second Fiddle Is The Top Pick Amidst DeepSeek Fears,"There's an AI bubble, but Advanced Micro Devices, Inc. isn't part of it. Everyone is focused on Nvidia, but AMD is finally having its moment. Consensus estimates look too conservative given the strong momentum in data center revenues and the cyclical recovery in the gaming and embedded segments. AMD is one of my top picks in the market today.",-0.00730374688282609,0.0050780195742845535,0.02262190729379654,-0.033023156225681305,0.00730374688282609,0.5017769932746887,6.114737033843994,5.39078950881958,6.031641960144043,5.74312162399292,0.4685391397629267,0.027053534951506267,-0.0637414069935538
2025-01-28,AMD,AMD: Is This Bullish Yet? (Technical Analysis),,0.02785320393741131,-0.0003943685442209244,0.022858556360006332,-0.036679431796073914,0.02785320393741131,0.49985113739967346,6.180261611938477,5.230534553527832,6.041020393371582,5.763729572296143,0.4583847154642101,0.027033307204032513,-0.007303747080103173
2025-01-28,AMD,AMD Vs Intel: Battle For CPU Dominance,"AMD and Intel are fiercely competing in the x86 CPU market, with AMD gaining market share in 2024 despite Intel's performance improvements.
         Intel's Arrow Lake CPUs show superior performance in PCs, but AMD's Turin CPUs lead in servers, with AMD expected to maintain its market share.
         The rise of Arm-based CPUs from companies like Apple and Qualcomm poses a significant threat to x86 CPU market growth for both AMD and Intel.
         We rate both AMD and Intel as Strong Buy due to their attractive valuations and positive prospects despite the growing competition from Arm-based processors.",0.02785320393741131,0.008460164070129395,0.022858556360006332,-0.03293457627296448,0.02785320393741131,0.49893251061439514,6.068154335021973,5.571598052978516,6.041020393371582,5.763729572296143,0.47866980905211015,0.027033307204032513,-0.007303747080103173
2025-01-28,AMD,AMD: An AI Powerhouse In The Coming Decade,"AMD has a significant opportunity in the AI inference market due to shifting compute needs from training to inferencing. DeepSeek's new reasoning model is cost-effective and competitive, signaling a rise in demand for inference compute. NVIDIA dominates AI GPUs, but AMD's MI300X outperforms NVIDIA's H100 and H200 in inference capabilities. I am aggressively buying AMD stock, anticipating its growth in the AI inference market over the next three years.",0.02785320393741131,0.005968227982521057,0.022858556360006332,-0.02792682684957981,0.02785320393741131,0.4954758882522583,6.130188941955566,5.356788158416748,6.041020393371582,5.763729572296143,0.46633575671032357,0.027033307204032513,-0.007303747080103173
2025-01-29,AMD,AMD: Make-Or-Break Moment Fast Approaching Amid DeepSeek Selloff,,0.012867508456110954,0.0036355145275592804,0.022795122116804123,-0.03750202804803848,0.012867508456110954,0.4948636591434479,6.088433742523193,5.5237717628479,6.042699813842773,5.769092082977295,0.4756867039850842,0.02795566290748931,0.027853204486086636
2025-01-30,AMD,AMD: Why I Doubled My Position After DeepSeek Sell-Off,"AMD shares fell to a 1-year low this week due to DeepSeek's AI chat assistant news, but I believe demand for AMD's AI products will remain strong in 2025. I doubled my AMD position because the market is irrational and AMD is gaining ground in the AI accelerator market with surging Data Center revenues. AMD's aggressive AI investments are paying off, showing significant Data Center revenue growth, and the stock is trading at a near-50% discount to its historical P/E ratio. Despite DeepSeek's market impact, I remain confident in AMD's AI accelerators' demand, making AMD shares attractively priced amid recent downgrades.",-0.024482615292072296,0.007882915437221527,0.022637587040662766,-0.026573723182082176,0.024482615292072296,0.49753817915916443,6.101296424865723,5.423335552215576,6.04074764251709,5.769349098205566,0.47058644154540774,0.02778677936596346,0.012867508784531134
2025-01-30,AMD,AMD: Long-Term Risk/Reward Is Skewed To The Upside,"Semiconductor giant Advanced Micro Devices has massively underperformed the broader market in recent quarters and is sitting at a key technical level ahead of its upcoming quarterly report. While negative revision trends and the emergence of new threats in the form of DeepSeek to the AI CAPEX boom support Mr. Market's bearishness, AMD looks enticing based on fundamentals. In this report, we preview AMD's Q4 2024 report and look at its updated long-term risk/reward.",-0.024482615292072296,0.010944617912173271,0.022637587040662766,-0.017170121893286705,0.024482615292072296,0.5109480619430542,6.142993450164795,5.4977922439575195,6.04074764251709,5.769349098205566,0.47228704216528977,0.02778677936596346,0.012867508784531134
2025-02-04,AMD,AMD: Use This Buying Opportunity As The Market Overreacts,"Advanced Micro Devices, Inc. is growing fast and trades below fair value. Reported strong results on Tuesday afternoon. The company did especially well in the data center market. Its Q4 earnings are growing fast while the valuation is low.",-0.06267780810594559,0.006012260913848877,0.022521108388900757,-0.029458006843924522,0.06267780810594559,0.49219977855682373,6.089322566986084,5.427964687347412,6.0363898277282715,5.75840950012207,0.4712884698872657,0.02882959666964775,0.04576882393083492
2025-02-05,AMD,AMD: A Cooldown To $100 Might Be Coming,"I expect Advanced Micro Devices, Inc. to hit $100 before reassessing my sell rating. Price action in the coming days or weeks will be key to signaling a reversal or further downside. Some drivers for the selloff include a slowdown in data center revenue growth, weak Q1 2025 guidance, and stagnation in non-GAAP gross margins. AMD’s MI350 launch this year could challenge Nvidia’s Blackwell chips, but I see timing and ecosystem adoption as major hurdles. I’m curious about AMD’s traction with hyperscalers, as custom ARM-based chips threaten x86 dominance, leading to pricing pressures in the server CPU market. Overall, I expect AMD’s stock to test $100 before finding a bottom. If a strong bounce occurs, I would consider buying on the next pullback. Until then, this stock is a sell.",-0.016516368836164474,0.009487852454185486,0.02252420037984848,-0.025080015882849693,0.016516368836164474,0.5064477324485779,6.162843704223633,5.405387878417969,6.042331218719482,5.780124664306641,0.46726138215701096,0.03057718464265946,-0.06267780639137677
2025-02-05,AMD,AMD Q4: The Next Nvidia Or The Next Intel?,"Advanced Micro Devices, Inc. delivered record Q4 revenues and EPS, but the AMD stock dropped due to disappointing Data Center revenue and cautious Q1 guidance. Was this selloff justified? Is AMD doomed like Intel? On the contrary, AMD is now better positioned than ever to compete with Nvidia. With a compelling valuation and technical set-up, AMD stock could double in 2025.",-0.016516368836164474,0.004334200173616409,0.02252420037984848,-0.03687572479248047,0.016516368836164474,0.49723246693611145,6.111777305603027,5.476952075958252,6.042331218719482,5.780124664306641,0.4726102315127064,0.03057718464265946,-0.06267780639137677
2025-02-05,AMD,AMD: I See Risks That Keep Me On The Sidelines,"Advanced Micro Devices, Inc.'s Q4 results were mostly in-line with expectations, driven by strong performance in the client computing segment as a result of market share growth fueled by Ryzen processor uptake. The data segment has an uninspiring outlook with a flat H1 FY25 vs. H2 FY24. The key growth catalyst is in H2 FY25 with the launch of the MI350 GPU. I expect EBIT margins to be contained with some potential downside pressure in FY25 driven by mix-shift impacts and production ramps. AMD's elevated receivables and inventory levels that are outgrowing overall revenues pose risks that may become more apparent in a demand downturn. AMD stock is trading at a 15% discount to peers. The relative technicals vs. the S&P500 are in a monthly downtrend but close to major multi-quarter support levels.",-0.016516368836164474,0.005625365301966667,0.02252420037984848,-0.02948853187263012,0.016516368836164474,0.5050431489944458,6.0448994636535645,5.3882575035095215,6.042331218719482,5.780124664306641,0.4712834363233658,0.03057718464265946,-0.06267780639137677
2025-02-05,AMD,AMD: The Market Likely Got It Wrong,"AMD's Q4 results show strong growth, with a 69% YoY increase in data center revenue and stable client segment performance, justifying my """"Strong Buy"""" rating. Despite a 9% after-hours dip, I believe trading algorithms caused the sell-off, not AMD's fundamentals, which remain strong with promising AI and data center growth. Management's guidance for 2025 includes a 30% YoY sales increase and strong AI processor demand. The growth should be massive, in my view. Risks include competition from Nvidia and potential valuation miscalculations, but I maintain confidence in AMD's upside potential and updated price objective. AMD has now got an even bigger upside after the Q4 print. My calculations point to a price of $148.5/share by the end of this year (+36%).",-0.016516368836164474,0.005172377452254295,0.02252420037984848,-0.034046806395053864,0.016516368836164474,0.49354124069213867,6.129549980163574,5.377695560455322,6.042331218719482,5.780124664306641,0.4673312602457621,0.03057718464265946,-0.06267780639137677
2025-02-06,AMD,"AMD: Don't Speculate, Just Accumulate","Advanced Micro Devices, Inc.'s Q4 2024 report showed strong revenue growth, particularly in the Data Center and Client segments. Despite some near-term uncertainties around product transition, I rate AMD stock a “Buy” at current levels due to its robust long-term growth potential. The upcoming MI350 and MI400 accelerators are expected to enhance AMD's competitiveness in the AI GPU market, supporting a steep growth trajectory for the Data Center segment. In the Client segment, AMD is gaining significant market share on Intel, driven by strong demand for Ryzen processors and strategic collaborations with major OEMs like Dell. Gaming and Embedded remain weak spots, but they are projected to return to growth in 2025. AMD stock momentum is weak, but it is a solid buy for long-term investors right here, right now.",-0.023602088913321495,0.005776671692728996,0.022535810247063637,-0.03174297511577606,0.023602088913321495,0.4963070750236511,6.137362480163574,5.367027282714844,6.056524276733398,5.831076622009277,0.46651994528491514,0.0305664651888424,-0.016516368528152303
2025-02-06,AMD,AMD Stock: Outsmart The Market And Buy The Post-Q4 Dip,"Advanced Micro Devices, Inc.'s Q4 results disappointed Wall Street, but revenue grew 14% YoY, and strong long-term fundamentals remain intact despite short-term volatility. Market pessimism is sentiment-driven; AI growth uncertainty is overstated, and AMD is positioned for substantial gains post-heavy R&D investments. With a projected 36.5% three-year CAGR and undervaluation, AMD is a Strong Buy for long-term investors despite near-term technical weakness.",-0.023602088913321495,0.005880983546376228,0.022535810247063637,-0.03187783062458038,0.023602088913321495,0.5034018158912659,6.132518768310547,5.488471984863281,6.056524276733398,5.831076622009277,0.47228950624230065,0.0305664651888424,-0.016516368528152303
2025-02-06,AMD,AMD Earnings: Why It's Selling Off And Why I'm Doubling Down,"Advanced Micro Devices, Inc. is dropping following Q4 earnings. Data center continues to lead the way as AI accelerator and server CPU sales accelerate. With success in the consumer market as well, AMD's current valuation looks attractive.",-0.023602088913321495,0.006903370842337608,0.022535810247063637,-0.03083857335150242,0.023602088913321495,0.493569016456604,6.121095180511475,5.456081867218018,6.056524276733398,5.831076622009277,0.4712791248439609,0.0305664651888424,-0.016516368528152303
2025-02-06,AMD,AMD Q4: DeepSeek Is A Tailwind In Hiding,"The market has fundamentally misjudged the potential impact of DeepSeek's AI progress, interpreting it as a headwind. This misjudgment has also caused a biased interpretation of AMD’s Q4 earnings report, causing its valuation to be further compressed. I expect the more efficient (i.e., cheaper) AI algorithms to be tailwind for AMD, whether they come from DeepSeek or not. Based on the history of the chip sector, I expect it to only widen and quicken the deployment of AI products and thus expanding AMD’s market potential.",-0.023602088913321495,0.013135962188243866,0.022535810247063637,-0.018096117302775383,0.023602088913321495,0.4995056390762329,6.134251117706299,5.376745700836182,6.056524276733398,5.831076622009277,0.4670964457374002,0.0305664651888424,-0.016516368528152303
2025-02-07,AMD,"AMD: The Dip Is Overdone, Ignore Short-Term Noise",,0.027147693559527397,-0.0006688293069601059,0.02214452251791954,-0.045121751725673676,0.027147693559527397,0.4868882894515991,6.188640594482422,5.437137603759766,6.05096960067749,5.830445289611816,0.4676794543165627,0.02964255017025768,-0.023602088027252943
2025-02-07,AMD,AMD Stock: Buy Despite Disappointing AI Outlook,"Advanced Micro Devices, Inc.'s Q4 revenues rose 24% YoY to $7.66 billion, with strong growth in data center and client segments, despite gaming and embedded declines. Data center growth slowed to 69% YoY, disappointing investors; Q1 2025 forecasts suggest further weakening, with revenues projected between $13.5 billion and $15.3 billion. AMD's stock is rated a buy due to 24% annual EBITDA growth and 78% free cash flow growth, with significant upside potential and low leverage. AMD's stock price decline offers an attractive entry point, supported by strong future growth prospects and strategic financial positioning.",0.027147693559527397,0.003855174407362938,0.02214452251791954,-0.03708706051111221,0.027147693559527397,0.5008752346038818,6.125268459320068,5.401833534240723,6.05096960067749,5.830445289611816,0.4686202600842604,0.02964255017025768,-0.023602088027252943
2025-02-07,AMD,AMD: Show Me The (AI) Money,"Advanced Micro Devices, Inc.'s earnings report met expectations, but management's silence on AI revenue for Q1 2025 disappointed investors, impacting stock sentiment. AMD's projected AI revenue growth for 2025 is vague, suggesting 20%-60% growth, which is unimpressive compared to competitors' strong AI growth. There are two reasons for AMD's unenthusiastic AI guidance, including poor software and a competitive inferencing market. However, the stock may be ready for a bounce as it hangs out in my support zone. The question is, how much of a bounce?",0.027147693559527397,0.008398624137043953,0.02214452251791954,-0.0313899889588356,0.027147693559527397,0.48648518323898315,6.202770233154297,5.4733381271362305,6.05096960067749,5.830445289611816,0.4687639030269819,0.02964255017025768,-0.023602088027252943
2025-02-07,AMD,AMD: Don't Mistake This As A Buying Opportunity - Reiterate Sell,"AMD's 4Q24 missed Wall Street's expectations on data center revenue, and we don't think it'll be the last time. We reiterate sell. We urge investors not to mistake the post-earnings sell-off as a buying opportunity, as we think AMD stock price still has more downside to price in before hitting attractive levels. We expect AMD's position in the AI battle to face increasing hurdles this year on competition from Nvidia, not to mention implications of DeepSeek on mid-term AI-infrastructure spend. AMD's Client sales growth is also unlikely to be an offset, especially with Intel's new 3nm client CPU posing a competitive threat, reducing AMD's market advantage.",0.027147693559527397,0.004807436838746071,0.02214452251791954,-0.035066746175289154,0.027147693559527397,0.5008473992347717,6.164555549621582,5.498012542724609,6.05096960067749,5.830445289611816,0.4714238321431388,0.02964255017025768,-0.023602088027252943
2025-02-07,AMD,AMD: We Have A Problem (Rating Downgrade),"AMD has disappointed, losing more than a third of its value over the past year, with investors frustrated by its growth compared to Nvidia. Concerns about AMD's AI growth and lackluster PC sales have led to consistent cuts in bottom line forecasts. The Q4 earnings report showed a decent revenue beat and current quarter guidance was ahead of expectations.",0.027147693559527397,0.002748137339949608,0.02214452251791954,-0.03788887709379196,0.027147693559527397,0.4936559200286865,6.042057037353516,5.21743631362915,6.05096960067749,5.830445289611816,0.4633810910482343,0.02964255017025768,-0.023602088027252943
2025-02-10,AMD,AMD: The Market May Be Misjudging--Here's Why,"Despite a 37% y/y drop in AMD's stock price, I maintain a 'strong buy' rating due to its significant growth prospects and undervaluation. DeepSeek's misleading $6M LLM development cost caused market panic, but actual CAPEX and resources were much higher, impacting AMD and NVIDIA stocks. AMD's strong financial performance and expanding AI and data center presence position it well as a solid number two to NVIDIA. Temporary gaming segment weakness is offset by robust growth in other areas, making AMD an attractive investment with a double-digit upside potential.",0.005611830856651068,0.005467217415571213,0.02185463160276413,-0.035378582775592804,0.005611830856651068,0.49787479639053345,6.105136871337891,5.41831111907959,6.043522357940674,5.814988136291504,0.47019877415030714,0.028793396625322834,0.027147693051491117
2025-02-10,AMD,AMD Has Yet To Hit Its Peak Growth Trajectory,,0.005611830856651068,0.0027419980615377426,0.02185463160276413,-0.03657696396112442,0.005611830856651068,0.48399996757507324,6.009705543518066,5.388155937194824,6.043522357940674,5.814988136291504,0.4727339375295991,0.028793396625322834,0.027147693051491117
2025-02-10,AMD,AMD: Don't Be Fooled By The Hype (Rating Downgrade),"Advanced Micro Devices, Inc.'s Q4 earnings report revealed strong revenue growth but highlighted concerns about stagnant data center operating margins and limited future growth prospects. Despite significant hype and innovation, AMD's forward P/E ratio requires cautious analysis due to potential risks and compressed margins. AMD's guidance for Q1 2025 indicates limited growth, raising concerns about capitalizing on the current AI and cloud infrastructure investment wave. While AMD remains a good company with attractive earnings yield, the quality of growth is worse than expected, justifying a “hold” rating.",0.005611830856651068,0.004296960309147835,0.02185463160276413,-0.03247859328985214,0.005611830856651068,0.4984666109085083,6.084746360778809,5.336947441101074,6.043522357940674,5.814988136291504,0.46726409704856603,0.028793396625322834,0.027147693051491117
2025-02-10,AMD,AMDY And AMD: Collecting Income From The Market's Mispricing,"YieldMax AMD Option Income Strategy ETF offers high dividends through a synthetic covered call strategy, providing income from Advanced Micro Devices, Inc. exposure despite AMD's lack of direct dividends. AMDY underperforms during bullish trends but outperforms during declines, making it suitable for sideways or slow growth markets. AMD stock is undervalued with strong earnings growth, presenting an attractive accumulation opportunity despite recent market mispricing. AMDY's high-yield and monthly distributions are appealing, but the fund's performance and tax implications require active monitoring and consideration of tax-advantaged accounts.",0.005611830856651068,0.005035126581788063,0.02185463160276413,-0.03430476784706116,0.005611830856651068,0.4927673935890198,6.104732513427734,5.410417556762695,6.043522357940674,5.814988136291504,0.46985210994065246,0.028793396625322834,0.027147693051491117
2025-02-10,AMD,AMD: MI350 Keeps Me Bullish,"Advanced Micro Devices, Inc. shares have dropped 12% since January, but I remain bullish due to strong growth prospects and the new MI350 GPU launch. Despite a Q4 data center revenue miss, AMD posted impressive YoY growth, with revenue of $7.7 billion and EPS of $1.09. AMD's valuation is conservative, with a forward PEG ratio significantly below the sector median, indicating potential upside of 247.17%. Key risks include AMD's need to address the CUDA software gap to compete effectively with Nvidia in AI data centers. AMD has a real opportunity to change the game with its MI350 chip.",0.005611830856651068,0.0015329103916883469,0.02185463160276413,-0.04033795744180679,0.005611830856651068,0.5002808570861816,6.114284992218018,5.373258590698242,6.043522357940674,5.814988136291504,0.4677465249131794,0.028793396625322834,0.027147693051491117
2025-02-10,AMD,AMD: Playing Second Fiddle To Nvidia Is No Fun (Downgrade),"AMD's cautious outlook and lack of clarity on AI revenue shows a surprising lack of conviction as the AI arms race intensifies. Nvidia's leadership at the top looks very likely to strengthen as big tech goes all in on AI CapEx in 2025. The threat of significant pulled-forward AI investments suggests 2026 could be a """"digestion year."""" And if AMD cannot keep up the pace and try and grow faster than its Nvidia and Broadcom this year, the gap could be widened even further. I argue why AMD's fundamental thesis against Nvidia has clearly weakened. I should have listened closely to the market earlier.",0.005611830856651068,0.005618257448077202,0.02185463160276413,-0.036872126162052155,0.005611830856651068,0.5043752193450928,6.166399955749512,5.447200298309326,6.043522357940674,5.814988136291504,0.46903631769184706,0.028793396625322834,0.027147693051491117
2025-02-10,AMD,AMD: The Market Is Just Wrong,"AMD beat Q4 top-line estimates, driven by strong Data Center growth. AMD saw 24% top-line growth, but its Data Center business grew at a massive 69% Y/Y growth rate in Q4 due to strong AMD Instinct shipments. The chipmaker reported a massive upswing in free cash flow and significantly boosted its FCF profitability in the fourth quarter. AMD's forward P/E ratio is significantly below historical averages and Nvidia's valuation ratio, suggesting a 96% upside potential if AMD's valuation normalizes. Risks include potential downturns in AI spending, but AMD's strong Data Center growth and low valuation make it an attractive investment.",0.005611830856651068,0.0038611292839050293,0.02185463160276413,-0.0365636870265007,0.005611830856651068,0.49222347140312195,6.103087902069092,5.344015121459961,6.043522357940674,5.814988136291504,0.46684432825275435,0.028793396625322834,0.027147693051491117
2025-02-11,AMD,AMD: The Strategy Beyond 'Disappointing' Quarter,"AMD's x86 platform is under pressure as industry giants (Apple, Amazon, Microsoft) shift towards ARM's superior efficiency and speed. Despite rapid AI chip sales growth ($5B in 2024), AMD lags with only 11% market share. NVIDIA's dominance via CUDA software remains a significant barrier. With a PE of 22x, AMD is fairly valued but lacks clear growth. AI success is crucial, or it risks stagnation.",0.005580582655966282,0.0011256057769060135,0.02159818820655346,-0.04852592200040817,0.005580582655966282,0.5000003576278687,6.1333417892456055,5.570939064025879,6.03564977645874,5.792086124420166,0.47597448607602916,0.028689109765310743,0.005611831085707397
2025-02-11,AMD,AMD: Hard Not To Be Bullish At This Valuation,"Advanced Micro Devices, Inc.'s chiplet architecture in CPUs and GPUs positions it to outperform Nvidia in the inference market, which has more tailwinds than training. AMD's upcoming MI350 series, set for release in 2025, promises a significant leap in AI performance, potentially challenging Nvidia's market dominance. AMD's CEO projects substantial revenue growth, suggesting AMD could achieve a 17% CAGR by 2028, with a potential EPS increase of 244%. While NVDA is a safer bet, AMD offers higher risk-reward potential due to its innovative chips and competitive pricing, making it a strong investment.",0.005580582655966282,0.006901977583765984,0.02159818820655346,-0.02943681739270687,0.005580582655966282,0.5005775094032288,6.082361698150635,5.37807559967041,6.03564977645874,5.792086124420166,0.46927315772605516,0.028689109765310743,0.005611831085707397
2025-02-12,AMD,AMD: Why The Market Could Be Wrong Here,"Advanced Micro Devices, Inc.'s stock has declined 53% over the past year, but it appears oversold and may have bottomed around the $110-100 support level. Despite recent challenges, AMD's data center revenue surged 69% YOY, and the company projects solid growth in H2 2025. AMD's forward P/E ratio has dropped below 18, making it a bargain, as the market may have overreacted to its AI GPU struggles. My 12-month price target for AMD is $180-200, with potential long-term growth leading to a stock price of $500 or higher by 2030.",0.0008055525831878185,0.006197452545166016,0.021554045379161835,-0.034856751561164856,0.0008055525831878185,0.4995456337928772,6.074688911437988,5.586057662963867,6.03140115737915,5.775179386138916,0.479048028985222,0.028673495118444987,0.005580582854161298
2025-02-12,AMD,AMD: Low Valuation Makes No Sense,"Advanced Micro Devices, Inc.'s Q4 results show 24% revenue growth and 42% EPS increase, yet the stock dropped 10%, presenting a strong buying opportunity. Data center revenue surged 69% YOY, becoming AMD's largest segment, despite market concerns over growth slowdown. AMD's valuation is low compared to peers, with a PEG ratio of 0.53, suggesting significant upside potential. DCF analysis indicates a fair price range of $185-192, with a target of $223 by year-end, reinforcing AMD as a Strong Buy.",0.0008055525831878185,0.0028683673590421677,0.021554045379161835,-0.03666803240776062,0.0008055525831878185,0.4968236982822418,6.111815452575684,5.40441370010376,6.03140115737915,5.775179386138916,0.46928674555298017,0.028673495118444987,0.005580582854161298
2025-02-14,AMD,AMD: Stop Dreaming Of Big Returns,"The stock price of Advanced Micro Devices, Inc. could fall further after Nvidia Corporation reports earnings, as investors get a reality check regarding AMD’s revenue growth potential following DeepSeek’s rise. Research uncovers how crucial Nvidia’s platform was to DeepSeek’s success. Despite chip restrictions, NVDA’s invaluable software layer enabled DeepSeek to optimize model performance, while AMD still struggles to catch up. On AMD’s recent earnings call, executives barely convinced investors that they are strongly positioned to capitalize on the DeepSeek wave, while statistics reveal Nvidia capturing more inferencing workloads over AMD.",0.010433247312903404,0.014042196795344353,0.021834831684827805,-0.011613452807068825,0.010433247312903404,0.49999260902404785,6.088103294372559,5.508922100067139,6.030834674835205,5.757483005523682,0.47502888996931647,0.027581794258066655,0.011537438008182743
2025-02-14,AMD,AMD: Multiple Red Flags Including Potential Multibillion Impairment Charge,,0.010433247312903404,-0.0006295759230852127,0.021834831684827805,-0.037809617817401886,0.010433247312903404,0.49473336338996887,6.112329483032227,5.395902633666992,6.030834674835205,5.757483005523682,0.4688732881774869,0.027581794258066655,0.011537438008182743
2025-02-14,AMD,Advanced Micro Devices: AI Future Needs More Answers (Rating Downgrade),"AMD's Q4 earnings showed strong growth in the Client and Server segments, but AI revenue guidance lacked clarity, leading to increased uncertainty. Client segment revenue grew significantly, with management optimistic about continued market share gains in 2025, despite expected Q1 declines. AI GPU revenue guidance is vague, with potential downward revisions, and competition from NVIDIA raises concerns about AMD's market position. I am downgrading AMD to a Hold, due to a lack of clear catalysts for value appreciation and potential market share loss.",0.010433247312903404,0.0048828404396772385,0.021834831684827805,-0.03350258618593216,0.010433247312903404,0.4993098974227905,6.10768461227417,5.427779197692871,6.030834674835205,5.757483005523682,0.47052977557804054,0.027581794258066655,0.011537438008182743
2025-02-18,AMD,AMD's AI Roadmap Is More Promising Than Most Realize,"AMD's data center business, driven by AI, is experiencing significant growth, positioning it well in the competitive market. The MI300x chip series and ROCm software suite are enhancing AMD’s standing in the AI space, surpassing competitors like Nvidia in some performance metrics. Despite appearing pricey, AMD's rapid growth and strong market position in AI-driven sectors justify its high valuation, making it a buy. AMD’s revenue surged 14% in 2024, with its AI data center business contributing significantly to this growth, reaching over $5 billion. While concerns about a potential slowdown in AI GPU sales exist, AMD’s upcoming MI350 series is expected to boost its competitive edge and sustain long-term growth.",0.0035877113696187735,0.005088889971375465,0.022025758400559425,-0.03450905531644821,0.0035877113696187735,0.49506330490112305,6.110963344573975,5.467815399169922,6.031933784484863,5.754513740539551,0.4722272979025316,0.026992546376696284,0.010433247755045505
2025-02-19,AMD,AMD Before Nvidia's Earnings: Is It The Next Intel?,"I see Advanced Micro Devices, Inc. at a crossroads — Is it going to be the Nvidia or the next Intel? I believe Nvidia's Q4 earnings will shed some light on this question. AMD’s Q4 earnings show Data Center up 69%, well below Nvidia's Q3 results. AMD is failing to catch up. Yet, I think it is too early to call it quits. My bear case: AI might be a “winner-takes-all” market, leaving AMD with scraps, worsened by its known software issues. My bull case: AMD fixes software, boosts chips to rival Nvidia, and rides AI demand. I don’t see it yet—AMD trails—but it could happen. I rate AMD stock a HOLD at 23+ P/E, cheaper than Nvidia’s 45+. It’s an AI contender, but I’ll wait for Nvidia’s earnings before deciding.",-0.00453399820253253,0.007330946624279022,0.022160250693559647,-0.02763603813946247,0.00453399820253253,0.49894604086875916,6.11694860458374,5.560617923736572,6.0324859619140625,5.751400470733643,0.4761795113948222,0.026943535200514197,0.0035877114673512622
2025-02-19,AMD,AMD: Betting On The Next AI Chip To Boost Sales Momentum,,-0.00453399820253253,0.0011981427669525146,0.022160250693559647,-0.0445607453584671,0.00453399820253253,0.4856001138687134,6.091071605682373,5.418988227844238,6.0324859619140625,5.751400470733643,0.47080452284524943,0.026943535200514197,0.0035877114673512622
2025-02-20,AMD,Broadcom Is Threatening AMD's Data Center Opportunity,"After divesting its chip-manufacturing fabs, Advanced Micro Devices, Inc. partnered with TSMC, allowing it to leverage cutting-edge manufacturing technology without bearing massive CapEx and R&D costs, initially giving AMD an edge over Intel. Intel has started using TSMC for certain products, closing the manufacturing gap. Meanwhile, a rumored Broadcom bid for Intel’s chip design business could create a new fabless competitor. Broadcom is helping AMD customers design proprietary AI chips, potentially eroding AMD’s future data center and AI market share. AMD is still growing at a healthy rate, but slower than Nvidia and Broadcom. The company’s hefty stock-based compensation has led to significant share dilution, and is one important reason to be cautious with non-GAAP earnings.",-0.029167048633098602,0.010379215702414513,0.022285349667072296,-0.02113884501159191,0.029167048633098602,0.5037491917610168,6.143796443939209,5.2834062576293945,6.032331466674805,5.7473673820495605,0.46235342065855567,0.02671601103941153,-0.004533998268302142
2025-02-20,AMD,Wall Street Is Sleeping On AMD's AI Inference Boom,"Meta Platforms runs all Llama inference workloads on Advanced Micro Devices, Inc.’s MI300X, validating its 192GB HBM3 memory and cost-efficiency over Nvidia Corporation. AMD’s data center revenue surged 69% YOY, with AI-related sales surpassing $5 billion in 2024, expected to hit “tens of billions” by 2028. FCF per share nearly doubled from $0.69 in 2023 to $1.48 in 2024, fueling AI R&D and acquisitions. MI350’s launch moved to mid-2025, signaling rising demand for both inference and training, directly challenging Nvidia’s AI monopoly. The market fixates on short-term guidance, ignoring AMD’s chiplet advantage, ROCm software gains, and AI-driven multi-year growth cycle.",-0.029167048633098602,0.007023409008979797,0.022285349667072296,-0.028820229694247246,0.029167048633098602,0.48924359679222107,6.134912490844727,5.454317569732666,6.032331466674805,5.7473673820495605,0.470636749915417,0.02671601103941153,-0.004533998268302142
2025-02-24,AMD,AMD: OpenAI's Deep Research Hints At Explosive Growth Potential,"AMD continues to show strong momentum in the high-performance computing and AI markets. The arrival of OpenAI's Deep Research is a sign that highly inference-intensive AI Agents are ready for prime time. AMD's high-memory Instinct GPUs and EPYC CPUs give the company a competitive edge by reducing latency and operational costs. Despite AMD's strengths in the inference market, the company still faces major challenges in its less mature software ecosystem compared to Nvidia's CUDA.",-0.038386840373277664,0.0076253656297922134,0.022748561576008797,-0.029121851548552513,0.038386840373277664,0.4966225326061249,6.1035966873168945,5.413289546966553,6.036692142486572,5.750635623931885,0.47003065210905803,0.027657474806442373,-0.02463005970531429
2025-02-25,AMD,AMD: I Am Buying The Dip With Confidence,,0.0075028738938272,0.00012162886559963226,0.02286451682448387,-0.043487548828125,0.0075028738938272,0.4929214417934418,6.142174243927002,5.558194160461426,6.037683963775635,5.749689102172852,0.47504437196834354,0.025356771885838642,-0.038386842127920096
2025-02-26,AMD,AMD's AI Gamble: Bullish Management Vs. Market Skepticism,"AMD's stock surged to $220 by March 2024 due to AI GPU optimism but halved as gaining market share from NVIDIA proved difficult. Management's bullish AI narrative highlighted strong demand for Instinct MI300 GPUs, projecting AI revenue to reach """"tens of billions"""" in the coming years. Market sentiment turned cautious due to slower-than-expected AI GPU traction and stiff competition, leading to downward revisions in future forecasts. Despite near-term challenges, AMD's diverse portfolio and steady gains in CPUs may offer long-term upside if AI momentum materializes as projected.",-0.04993312805891037,0.005296671763062477,0.022981921210885048,-0.03341048210859299,0.04993312805891037,0.4987412393093109,6.099231243133545,5.3886871337890625,6.040626525878906,5.754727840423584,0.4690742880462665,0.025493449125631576,0.007502874049306829
2025-02-26,AMD,AMD Stock Has Further To Fall (Rating Downgrade),"Advanced Micro Devices, Inc.'s recent earnings and future guidance indicate a SELL rating due to insufficient profit growth and increased competition, particularly in the datacenter segment. Despite respectable Q4 performance, AMD's projected revenue decline and flat gross margins for Q1 2025 suggest challenges in justifying its high valuation. The company's P/E ratio of nearly 30x requires substantial profit growth, which seems unlikely given competitive pressures and slowing growth in key segments.",-0.04993312805891037,0.007207777351140976,0.022981921210885048,-0.030392488464713097,0.04993312805891037,0.49175480008125305,6.1461052894592285,5.473541736602783,6.040626525878906,5.754727840423584,0.4710592089695635,0.025493449125631576,0.007502874049306829
2025-02-27,AMD,"AMD: Unrelenting Carnage, But A Tactical Trade Emerges","Advanced Micro Devices, Inc. stock has dropped significantly, but we see a mean reversion opportunity with a strong value and growth combination. Despite concerns, AMD's data center and client segments show robust growth, while gaming and embedded segments face cyclical challenges. Margins have improved, and the company maintains solid financial health with increasing net income and free cash flow. AMD's valuation reset presents a buying opportunity, with projected 2025 EPS growth of over 40% and strong support at $100.",0.0035172190982848406,0.00576426275074482,0.022809766232967377,-0.03524014353752136,0.0035172190982848406,0.5004608631134033,6.121802806854248,5.389193534851074,6.039601802825928,5.752260684967041,0.46817785141022916,0.026300621776217645,-0.04993312807148853
2025-03-03,AMD,AMD: Consider It For Its Robust Growth Potential,"Advanced Micro Devices is poised for substantial growth in 2025, driven by scaling AI accelerator deliveries and data center segment strength. Despite recent stock price lows, AMD's operating profit is expected to upscale significantly, making it a strong buy opportunity at current valuations. AMD's data center business, particularly with EPYC and Instinct GPU shipments, is outperforming Nvidia and is undervalued by the market. Investors should consider buying AMD stock near 52-week lows due to its discounted valuation and robust growth potential in 2025.",0.02565404213964939,0.004466760903596878,0.022833116352558136,-0.03820163756608963,0.02565404213964939,0.494133859872818,6.14108943939209,5.45219612121582,6.045280456542969,5.770066261291504,0.4702891249173592,0.025790385164041717,-0.016322824388697255
2025-03-06,AMD,Why You Should Own AMD And Super Micro Computer To Tap AI's Hidden Goldmine,"Owning both Advanced Micro Devices, Inc. and Super Micro Computer, Inc. provides unique exposure to AI infrastructure, creating a beneficial self-reinforcing cycle that enhances both companies' product demand. AMD's cost-effective GPUs complement SMCI's optimized server environments, driving mutual demand and creating a “flywheel” effect in the high-compute ecosystem. AMD's Instinct GPUs and Xilinx FPGAs are cost-efficient alternatives to Nvidia, offering significant savings despite lower performance, especially in large-scale AI training. The synergy between AMD and SMCI is crucial for capitalizing on the next cycle of AI infrastructure, making them an ideal paired investment.",0.014769844710826874,0.008398974314332008,0.022517267614603043,-0.023587042465806007,0.014769844710826874,0.49251672625541687,6.104732513427734,5.334896564483643,6.038558006286621,5.770639419555664,0.4663522329394626,0.021091095364864705,-0.027736793012804295
2025-03-06,AMD,One Line From Nvidia's Earnings Call That AMD Investors Should Be Wary Of,,0.014769844710826874,0.0043871235102415085,0.022517267614603043,-0.03722000867128372,0.014769844710826874,0.4842102825641632,6.087813377380371,5.536401271820068,6.038558006286621,5.770639419555664,0.47628174796311146,0.021091095364864705,-0.027736793012804295
2025-03-06,AMD,AMD: Interesting Combination Of Growth And Valuation,"AMD's stock decline to $99 from $211 seems excessive; Wall Street analysts remain bullish, while Seeking Alpha analysts offer more moderate optimism. AMD's diversified business includes Data Center, Client, Gaming, and Embedded segments, with Data Center showing the most promise despite lagging behind Nvidia. Financially strong, AMD expects high double-digit growth in revenue and EPS, driven by their new MI350X architecture. Fair Value estimated at $129.1, suggesting a 30% upside; strategy involves a half-position now, adding more if stock drops below $88 or shows clear reversal.",0.014769844710826874,0.005696810781955719,0.022517267614603043,-0.033504828810691833,0.014769844710826874,0.49599072337150574,6.120485305786133,5.3732008934021,6.038558006286621,5.770639419555664,0.4674915253716537,0.021091095364864705,-0.027736793012804295
2025-03-11,AMD,AMD: This Is The GARP Opportunity You've Been Waiting For (Rating Upgrade),"The latest advancements of Advanced Micro Devices, Inc.’s products create growth opportunities that are not factored in at its current prices. AMD’s Turin CPUs and new GPUs position it strongly in the data centers and AI infrastructure market. The combination of such market potential and its recent price corrections have resulted in a P/E Growth ratio of 1.15. It is an attractive entry point for this leading stock in a segment with a secular tailwind behind.",0.04164942726492882,0.006357191130518913,0.022514555603265762,-0.031075341627001762,0.04164942726492882,0.4952183663845062,6.151407718658447,5.4337663650512695,6.036136627197266,5.758532524108887,0.4690275973229779,0.020971801142045016,0.0013453884560461482
2025-03-12,AMD,AMD: Outperforming Nvidia GPUs In Some AI Inference Applications,"Over the last year, AMD's share price declined by -53.4% compared to a return of +22.3% for Nvidia's stock. When looking exclusively at market performance, one would think that AMD is significantly behind Nvidia in the AI GPU arms race. The reality is otherwise, as AMD's MI325X platform may actually surpass Nvidia's Hopper H200 GPUs in some inference applications. With the release of the MI350 architecture by mid-2025, followed by the MI400 platform in 2026, AMD is particularly well-positioned to benefit from the growth of the AI inference market. Given the current geopolitical environment, I am extremely cautious on the overall markets. In the event of a more significant market dislocation, I will stand ready to acquire some AMD shares on the cheap.",-0.02658994309604168,0.012076562270522118,0.02253791131079197,-0.020075393840670586,0.02658994309604168,0.5059015154838562,6.101696968078613,5.543999671936035,6.03674840927124,5.758306503295898,0.4760556489928099,0.02345853144514561,0.04164942838284502
2025-03-14,AMD,AMD's Bottom May Soon Be Here: Recovery Likely In H2,"Advanced Micro Devices, Inc. has entered oversold territories, thanks to the bursting AI bubble and the uncertain recessionary risks, with it now halved from 2024 peaks. AMD's AI accelerator prospects are undeniably mixed, albeit well-balanced by the robust EPYC adoption in the cloud sector and growing x86 market share. Combined with the still rich Free Cash Flow generation and the healthy balance sheet, we believe that it remains well positioned to weather the trough H1 '25 period. AMD is likely to outperform once a floor materializes and mid-2025 brings forth improved data center monetization through the pulled forward MI350 shipments. We shall further discuss why we remain bullish.",0.035852186381816864,0.005993105471134186,0.022512096911668777,-0.03341090679168701,0.035852186381816864,0.49612700939178467,6.160313129425049,5.442946910858154,6.035076141357422,5.752919673919678,0.4690877298243191,0.025073455547980936,0.029150959051668757
2025-03-19,AMD,AMD: Losing The Fight Against Nvidia,"AMD’s stock has been underperforming in the last year despite the decent growth of its business.
         Going forward, we see the amount of risks increasing and limiting the ability of AMD’s stock to significantly rebound and recoup the losses of the last year.
         AMD is a SELL for us right now.",0.008566280826926231,0.0061814021319150925,0.0224461667239666,-0.032633841037750244,0.008566280826926231,0.5058982968330383,6.130829334259033,5.565755367279053,6.034914016723633,5.750446319580078,0.47584448873752755,0.0271344762123102,0.026277665583692045
2025-03-19,AMD,AMD: The Margin Of Safety Gives A Fantastic Opportunity,,0.008566280826926231,0.0004435162991285324,0.0224461667239666,-0.04133002460002899,0.008566280826926231,0.4917132258415222,6.158968925476074,5.499101638793945,6.034914016723633,5.750446319580078,0.4716991210918961,0.0271344762123102,0.026277665583692045
2025-03-24,AMD,"Higher High, Lower High; AMD Is A Buy","AMD's growth momentum is strong, with an expectation for the current trend to continue for the foreseeable future. Yet, due to the macroeconomic factors, the investor sentiment surrounding AMD has soured leading to a valuation multiple contraction. When investor sentiment returns, AMD will see valuation multiple expansion from a higher base or a higher EPS as a result of a continued growth.",0.00843213964253664,0.0057397522032260895,0.022593803703784943,-0.0379926860332489,0.00843213964253664,0.4882098436355591,6.124292373657227,5.476526737213135,6.033185005187988,5.745824813842773,0.4720810388363845,0.030376643119036945,0.06961664658730116
2025-03-26,AMD,AMD Is Finally Outperforming Nvidia - There's Only One Problem,"Advanced Micro Devices, Inc. has been an AI laggard but is now outperforming peers, showing potential for a sustained upward trend. Nvidia’s GTC conference highlighted the growing computational demands of AI, which could benefit AMD's CPU and GPU synergies. AMD’s flexible chiplet design and cost-efficient GPUs position it well for custom AI projects, though it must improve its software stack, ROCm. Despite Nvidia’s lead, AMD is undervalued with significant growth potential in AI, making it a compelling investment opportunity.",-0.03212633356451988,0.007505651563405991,0.022639477625489235,-0.030388815328478813,0.03212633356451988,0.4943661689758301,6.122300624847412,5.391601085662842,6.0354461669921875,5.75812292098999,0.4682688128856224,0.03052019490211489,-0.0402403555041424
2025-03-26,AMD,AMD: This Knife Is Poised To Keep Falling,,-0.03212633356451988,0.003857063129544258,0.022639477625489235,-0.036288999021053314,0.03212633356451988,0.49489453434944153,6.0923967361450195,5.498294353485107,6.0354461669921875,5.75812292098999,0.47437157206301583,0.03052019490211489,-0.0402403555041424
2025-03-26,AMD,AMD: Vibe Coding Sparks The Inference Explosion,"Vibe coding, a new AI-driven programming approach, shifts focus from manual coding to conversational AI instructions, massively increasing developers’ code generation and iteration. Advanced Micro Devices, Inc.’s Instinct MI300 series, with high-capacity memory, is poised to benefit from surging AI inference demand spurred by rapid vibe coding adoption. AI usage will likely explode as more developers (and non-developers) rely on generative AI, with AMD’s open-source ROCm platform well-positioned to capture market share. AMD still faces challenges in Nvidia’s CUDA dominance, cloud providers’ in-house chip efforts, macroeconomic uncertainties, and the fact that vibe coding still struggles with highly complex software tasks at the current state of frontier models.",-0.03212633356451988,0.00478002056479454,0.022639477625489235,-0.03443969041109085,0.03212633356451988,0.49675044417381287,6.1072916984558105,5.531060218811035,6.0354461669921875,5.75812292098999,0.4752442835660082,0.03052019490211489,-0.0402403555041424
2025-03-27,AMD,AMD: A Double-Edged Investment Opportunity,"AMD's stock has declined 8% since my last """"Hold"""" rating, underperforming the S&P 500, despite a temporary doubling in value. Recent quarterly results show strong revenue and operating income growth, but diluted EPS declined, and free cash flow surged significantly. AMD's Data Center and Client segments are growing robustly, while Gaming and Embedded segments face significant revenue declines. Despite management's optimistic growth outlook, AMD's high valuation multiples and historical instability make me cautious about its long-term investment potential.",-0.032161276787519455,0.004468875005841255,0.022903621196746826,-0.03884755074977875,0.032161276787519455,0.4911707043647766,6.101350784301758,5.422644138336182,6.036663055419922,5.760554790496826,0.47055245813093627,0.029123127847863906,-0.03212633484974947
2025-03-27,AMD,Not A No. 2 To Nvidia: Initiating AMD With A Strong Buy,"I'm initiating Advanced Micro Devices, Inc. with a strong buy for long-term investors, despite fierce (to say the least) competition with Nvidia. AMD's forward P/E of 23x and PEG ratio of 0.8x indicate it's undervalued compared to Nvidia and Intel, and I think it presents a compelling entry point at current levels. AMD's diverse exposure across AI, CPUs, and gaming, coupled with rising market share in PC chips, make me optimistic on the company in the long-term despite short-term pain. U.S.-China trade tensions pose risks, but AMD could potentially benefit domestically as a cheaper alternative to Nvidia, enhancing its market position. I hereon share my sentiment on AMD and why I think the stock will be an outperformer in 2H25.",-0.032161276787519455,0.006715284660458565,0.022903621196746826,-0.03174121677875519,0.032161276787519455,0.49708184599876404,6.104846954345703,5.429174423217773,6.036663055419922,5.760554790496826,0.47070958562452375,0.029123127847863906,-0.03212633484974947
2025-03-28,AMD,"AMD: Now, A Very Cheap AI Growth Play (Upgrade)",,-0.0046502938494086266,0.001949721947312355,0.02279754914343357,-0.033411264419555664,0.0046502938494086266,0.49981147050857544,6.139575004577637,5.441495418548584,6.036776065826416,5.757981300354004,0.46986118033459157,0.030218032574007864,-0.0321612776005773
2025-04-02,AMD,Buy AMD Stock Now To Capitalize On The Generational AI Megatrend,"Advanced Micro Devices, Inc. harnesses HPC and GPU synergies to ride explosive AI data center growth, fueling massive upside through 2027. With undervaluation, strong AI momentum, and the ROCm ecosystem, AMD stock appears poised for $200 soon. Black-swan threats (e.g., a Taiwan crisis) demand hedging, yet AMD’s AI-driven return potential remains largely unmatched—except, perhaps, by Nvidia.",-0.08896654844284058,0.005877498537302017,0.02247229777276516,-0.03203050047159195,0.08896654844284058,0.4958237409591675,6.160303115844727,5.471579074859619,6.034276962280273,5.745090007781982,0.4703949872559557,0.02940807817352881,0.0017513164751277177
2025-04-02,AMD,The AMD Dilemma: Late To AI Amidst Cooling Demand,,-0.08896654844284058,0.004859650507569313,0.02247229777276516,-0.036793313920497894,0.08896654844284058,0.48088303208351135,6.151941776275635,5.495664596557617,6.034276962280273,5.745090007781982,0.4718278091346882,0.02940807817352881,0.0017513164751277177
2025-04-03,AMD,AMD: The Bear Case Is Not Over,,-0.08571429550647736,0.0017012599855661392,0.022419821470975876,-0.03888154774904251,0.08571429550647736,0.49130314588546753,6.135261535644531,5.545732021331787,6.031961917877197,5.737949848175049,0.4747654379125308,0.03518162210078382,-0.0889665512253901
2025-04-04,AMD,AMD's MI325X Proved A Match For Nvidia's H200 In Latest MLPerf Tests,"In the latest round of machine learning benchmarking results, Advanced Micro Devices, Inc.’s MI325X proved a match for Nvidia’s H200, which it was supposed to counter. AMD is rapidly closing the performance gap with Nvidia, which should help the company improve its AI chip sales in the second half of 2025. Wall Street has clearly given a signal to hyperscalers in the recent correction that it would like a lower capex rate from these big tech companies. AMD could provide a better cost-performance metric compared to Nvidia, and it is starting from a very low base, which should help AMD deliver strong growth. AMD is trading at only 13.6 times the EPS estimate for the fiscal year ending Dec 2027, while the YoY EPS growth trajectory is very good, making the stock very attractive.",-0.02472018077969551,0.007489947602152824,0.022687293589115143,-0.024841034784913063,0.02472018077969551,0.498366117477417,6.1150102615356445,5.399713516235352,6.0400519371032715,5.753289222717285,0.4689399086288939,0.03955966180997932,-0.0857142926860135
2025-04-10,AMD,AMD: Should Catch A Bid Soon,"AMD's valuation is compelling, trading at its lowest earnings multiple in nearly a decade, presenting a strong buy opportunity for long-term investors. AMD's potential lies in providing cost-efficient AI inference solutions, gradually winning market share from NVDA, despite NVDA's current dominance. Risks include NVDA's continued market dominance, higher R&D budgets of competitors like INTC, and macroeconomic factors affecting AI CapEx spend. With a PEG of 0.63x and significant growth potential, AMD offers a favorable risk-reward profile for investors with a 3-5 year horizon.",0.05298765376210213,0.005433561280369759,0.023541349917650223,-0.0364784374833107,0.05298765376210213,0.4964832067489624,6.152217864990234,5.405811786651611,6.056857585906982,5.857406139373779,0.4677104964757756,0.07086441276017441,-0.08405617201023685
2025-04-11,AMD,"AMD: The Market Overreacted To Tariff Fears, Now Comes The Breakout","Advanced Micro Devices remains a top AI winner with booming data center growth, despite its 26% stock drop on short-term tariff panic. Tariff risks seem overblown—China and the U.S. have incentives to negotiate, making a worst-case scenario unlikely. Valuation is near multi-year lows, with a forward P/E of 20.8, while EPS grew 90% (vs. sector’s 10%). A bullish technical setup suggests a breakout for AMD stock later this year, supported by a strong multi-year uptrend.",0.011777285486459732,0.00906834565103054,0.023302890360355377,-0.026317259296774864,0.011777285486459732,0.5051310658454895,6.106372356414795,5.485814094543457,6.0493340492248535,5.856551170349121,0.4732337698113462,0.07162656822485881,0.05298765207826617
2025-04-11,AMD,AMD: Look Beyond Tariffs And Focus On The Big Picture,"Despite Advanced Micro Devices, Inc.'s lag behind Nvidia in the AI race, its solid financials and low valuation present a compelling investment opportunity, warranting a strong buy rating. AMD's latest quarter showed 24% YoY revenue growth, driven by a 69% increase in data center revenues, highlighting its strong performance despite competitive pressures. Trading at just under 20x this year’s earnings, AMD's valuation appears conservative, with potential for a significant re-rating. AMD stock remains a top pick in the market today.",0.011777285486459732,0.004636535421013832,0.023302890360355377,-0.036185868084430695,0.011777285486459732,0.4940173327922821,6.109410762786865,5.46012020111084,6.0493340492248535,5.856551170349121,0.47193963334801314,0.07162656822485881,0.05298765207826617
2025-04-11,AMD,"AMD: Developing Continuously, But Still Not Enough","Advanced Micro Devices, Inc.'s stock has declined due to underperformance in the AI chip market and unmet expectations in the data center sector, despite some gains in gaming and desktop CPUs. AMD's late entry into AI and competition from NVDA and Arm Holdings have hindered its market position, but it shows potential in budget graphics cards and desktop CPUs. Financially, AMD's revenue has grown in the client and data center segments but declined in gaming and embedded segments; economic profitability remains negative. Despite current challenges, AMD's forward P/E ratio and historical price performance suggest the stock may be undervalued, leading me to maintain a """"hold"""" rating.",0.011777285486459732,0.014167418703436852,0.023302890360355377,-0.019540702924132347,0.011777285486459732,0.48740440607070923,6.2673211097717285,5.337120056152344,6.0493340492248535,5.856551170349121,0.45992047181247303,0.07162656822485881,0.05298765207826617
2025-04-14,AMD,AMD: Brutal Sell-Off Likely Will Be Reversed,"Advanced Micro Devices, Inc. has underperformed this year, in part due to tariff fears, but is poised for a massive upswing with new AI accelerators like the Instinct MI350 ready to launch. Despite a 43% drop in valuation in the last year, AMD's Data Center revenues have surged, making the chip stock highly attractive as a long-term investment. AMD's Data Center business now represents 50% of total revenue, and Instinct-driven growth should be a major catalyst for growth. Analysts expect 50% Q1 2025 earnings growth Y/Y. AMD's shares are a steal at $93, with 42% EPS growth expected this year. Shares are trading at a 15X forward P/E ratio, about half the longer term average. Risks include potential tariffs on chip exports to China and weak uptake of the Instinct MI350 AI accelerator.",0.008359798230230808,0.005837239325046539,0.02277527004480362,-0.036666177213191986,0.008359798230230808,0.4980171024799347,6.110019683837891,5.440601348876953,6.041137218475342,5.841979503631592,0.4710224093983395,0.07116453586865772,0.011777285397755799
2025-04-14,AMD,"AMD's Edge: Inference, Flexibility, And Cost (Rating Upgrade)","Advanced Micro Devices, Inc.'s stock has underperformed despite strong growth in revenue, net income, and promising market positioning in AI hardware under Dr. Lisa Su's leadership. Nvidia dominates AI training hardware because of CUDA, but AMD's cost-efficient, open-source ROCm platform is gaining traction for AI inference, especially with firms like Meta. AMD's chiplet approach offers superior cost efficiency compared to Nvidia, making it a compelling choice for AI hardware investments. Edge computing applications in healthcare, ADAS systems, and power grid management highlight AMD's potential in on-device or on-prem inference solutions.",0.008359798230230808,0.008074523881077766,0.02277527004480362,-0.03195761889219284,0.008359798230230808,0.49949100613594055,6.1226654052734375,5.479047775268555,6.041137218475342,5.841979503631592,0.47226195735103665,0.07116453586865772,0.011777285397755799
2025-04-14,AMD,AMD: Better Positioned Than Nvidia To Face Tariffs As AI Becomes Commodity,"Nvidia's stock has dropped 19.5% since my January 30 thesis, the downside induced mostly by the release of China's DeepSeek-R1 AI model and accelerated by reciprocity tariffs. This should accelerate GPU commoditization, benefiting competitors like GPU commoditization. That, as well as the inflationary effects of tariffs, should favor Advanced Micro Devices, Inc., which is also more diversified. Emerging open-source LLMs should also lead to changing AI economics, especially with tariffs and export restrictions in play. Long-term, tariffs may further accelerate the commoditization of GPUs, reshaping the AI infrastructure landscape. AMD, with its more diversified product revenue and lower China exposure, is better positioned to navigate a post-tariff world.",0.008359798230230808,0.010044978931546211,0.02277527004480362,-0.024438967928290367,0.008359798230230808,0.4996713697910309,6.09905481338501,5.5619425773620605,6.041137218475342,5.841979503631592,0.47696971288021645,0.07116453586865772,0.011777285397755799
2025-04-15,AMD,"AMD Stock Is Now A No Brainer (Technical Analysis, Rating Upgrade)","AMD's recent 20% decline presents a buy opportunity; technicals show mixed but improving signs, suggesting bullish reversal potential. Strong Q4 earnings with 24% revenue growth and 42% EPS increase; Q1 guidance indicates further revenue growth and margin expansion. The P/S ratio has significantly contracted, indicating undervaluation despite strong fundamentals and accelerating growth. I upgrade AMD to a buy rating due to improving technicals and a bullish fundamental outlook, making the stock a no-brainer investment.",-0.07345996052026749,0.0026848260313272476,0.022344522178173065,-0.041361577808856964,0.07345996052026749,0.4981762766838074,6.128659725189209,5.395007133483887,6.032387733459473,5.812285900115967,0.46816757197583825,0.07118347178487044,0.008359798047908429
2025-04-17,AMD,A Cautious Opportunity Emerges For AMD Investors,"AMD stock fell over 7% due to Nvidia's export restrictions to China, impacting AMD's AI chip sales and contributing to a ~26% YTD decline. The Company's forward P/E of ~19x for 2025 EPS offers a margin of safety, prompting an upgrade in the stock rating. Advanced Micro Devices' diversified revenue mitigates the impact of potential Chinese market losses. While cautious of industry cyclicality and competition, AMD presents an asymmetric investment opportunity with potential for significant upside and improved fundamentals.",-0.02217145636677742,0.004826309159398079,0.021978387609124184,-0.03979119658470154,0.02217145636677742,0.4981831908226013,6.118082523345947,5.447324752807617,6.033908843994141,5.789121627807617,0.4710015499444498,0.0724958888154263,-0.008947795982958362
2025-04-17,AMD,History Is About To Repeat Itself: Another AMD 2022 Rally May Be Incoming,,-0.02217145636677742,0.0034333206713199615,0.021978387609124184,-0.03709443658590317,0.02217145636677742,0.4887086749076843,6.050111770629883,5.619207382202148,6.033908843994141,5.789121627807617,0.4815368667706667,0.0724958888154263,-0.008947795982958362
2025-04-17,AMD,AMD Warns On China License Issue,"AMD announced an $800 million charge due to licensing requirements on chip exports to China. AMD's charge is about 2.5% of its annual revenue, lower than Nvidia, but the company has a much higher reliance on China for overall revenues. AMD's projected revenue growth is lower than Nvidia's, and any loss of Chinese business could further reduce its growth rate.",-0.02217145636677742,0.013095134869217873,0.021978387609124184,-0.017688071355223656,0.02217145636677742,0.4927254915237427,6.053711891174316,5.485142707824707,6.033908843994141,5.789121627807617,0.4753628413256944,0.0724958888154263,-0.008947795982958362
2025-04-17,AMD,AMD: China AI Hiccup,"Advanced Micro Devices, Inc. faces a potential $800 million charge due to new U.S. export controls on AI GPUs to China, impacting up to $1.6 billion in revenue. Despite this setback, AI GPU demand remains robust, with AMD securing major orders, including a $2+ billion contract with Oracle. AMD stock is undervalued trading at just 15x '26 consensus EPS estimates, with potential for far higher earnings on faster sales growth from AI GPUs.",-0.02217145636677742,0.002036549150943756,0.021978387609124184,-0.03936556726694107,0.02217145636677742,0.49438804388046265,6.138689994812012,5.37201452255249,6.033908843994141,5.789121627807617,0.46669728290288903,0.0724958888154263,-0.008947795982958362
2025-04-21,AMD,AMD Q1 Preview: Ryzen 9000 Is Sold Out,"I reiterate a """"Buy"""" rating on Advanced Micro Devices, Inc. with a fair value of $104 per share, driven by strong growth in EPYC and Ryzen processors. AMD's Ryzen 9000, utilizing Zen 5 architecture, has captured 70% of the desktop power processor market, competing effectively with Intel's 15th Gen. Anticipate 25% revenue growth for FY25, driven by data center segment growth (35%) and client segment growth (30%), despite $800M impact from export controls. Key risks include geopolitical tensions affecting China operations, potentially impacting AMD revenue by $800 million due to export controls on advanced processors.",0.00818144716322422,0.004046281799674034,0.021887633949518204,-0.03622359782457352,0.00818144716322422,0.48796629905700684,6.120289325714111,5.364527225494385,6.034110069274902,5.779954433441162,0.46709733686860083,0.07256638641490126,-0.02217145647321428
2025-04-21,AMD,AMD: Brace For A 10% Impact On EPS For FY 2025,"A 10% hit to Advanced Micro Devices, Inc.'s EPS in 2025 is quite likely, yet the consensus on Wall Street has only priced in a 3% drop so far. To be specific, I believe the market is underestimating the risk of AMD’s $800M inventory charge if export licenses aren’t approved, which is a likely scenario. Another headwind includes the upcoming tariffs on semiconductors, which can range anywhere from 25% to 100%. AMD imports a significant amount of AI chips from TSMC. Currently, AMD's stock is at a critical price level, and breaking the historical upper trend since 2019 could lead to further downward pressure. I'm definitely staying on the sidelines. I would caution against buying the dip until earnings revisions catch up to the reality of these headwinds and tariffs on semis are clear.",0.00818144716322422,0.01508583128452301,0.021887633949518204,-0.012097207829356194,0.00818144716322422,0.5052251815795898,6.134573936462402,5.653426647186279,6.034110069274902,5.779954433441162,0.47959164975167673,0.07256638641490126,-0.02217145647321428
2025-04-21,AMD,AMD: Buying Evidence Has Emerged (Rating Upgrade),"I am upgrading AMD to a Hold rating due to improved momentum indicators and a better valuation, offset by ongoing supply chain and Trump tariff risks. Lower share pricing has improved AMD's valuation, with EV to 2025 sales and EBITDA estimates at their most attractive levels since 2019, if not before. AMD's strong balance sheet and foothold in the AI-chip market make it a watchlist candidate for future buying opportunities. Evidence of accumulation on the trading chart has appeared since late February.",0.00818144716322422,0.00633959099650383,0.021887633949518204,-0.030742062255740166,0.00818144716322422,0.49417421221733093,6.144237041473389,5.395337104797363,6.034110069274902,5.779954433441162,0.46755079835771135,0.07256638641490126,-0.02217145647321428
2025-04-22,AMD,AMD: Time To Move On,"AMD's stock remains a HOLD due to underperformance, competition from Nvidia, and macroeconomic risks, despite being fundamentally undervalued. The company's AI revenue outlook is uncertain, and export restrictions to China further threaten AMD’s growth prospects. Potential recovery hinges on the successful release of MI350 and MI400 series accelerators and improved macroeconomic conditions.",0.04787847399711609,0.0014147385954856873,0.0218324176967144,-0.0442751944065094,0.04787847399711609,0.4988769590854645,6.114266395568848,5.512765407562256,6.033541202545166,5.770454406738281,0.47413351067614873,0.07035073226079784,0.00818144690989886
2025-04-24,AMD,AMD Vs. Arm: Which Is The Better Investment Ahead Of Earnings,,0.02307611145079136,0.0029348935931921005,0.021977581083774567,-0.038392871618270874,0.02307611145079136,0.48899662494659424,6.0592498779296875,5.391472816467285,6.035153388977051,5.764897346496582,0.47084127005406834,0.07210817247713519,0.04513775703733369
2025-04-29,AMD,AMD: Don't Give Up Yet,"The upcoming earnings of AMD will be crucial for the company in terms of forward guidance on AI revenue trajectory and the impact of tariffs. We could see AMD beat estimates for first quarter similar to Intel due to customers pulling ahead their purchases to prevent a tariff hit. AMD has stopped giving guidance for AI revenue, but the product pipeline is strong, and the company could still reach over $10 billion in AI revenue in 2025. There are multiple headwinds due to increase in custom chips and economic uncertainty, but AMD could improve its market share within AI chips. The stock is trading at only 16.1 times the EPS estimate for fiscal year ending Dec 2026 and 13.53 times the EPS estimate for fiscal year ending Dec 2027.",0.01342911645770073,0.00390063039958477,0.022221364080905914,-0.03576456010341644,0.01342911645770073,0.49805933237075806,6.103451728820801,5.35458517074585,6.030584812164307,5.75103235244751,0.4673213411407233,0.07174799369096765,-0.0034236106768781305
2025-04-29,AMD,AMD Q1 Preview: Inflection Point Approaching (Technical Analysis),"Trading patterns in the past 3~4 weeks suggest an imminent trend reversal for AMD stock prices. Technical indicators such as bullish crossover and rising RSI suggest increasing upward momentum and buying interest. I further expect AMD's upcoming FQ1 earnings report (ER, scheduled on May 6, 2025) to provide the trigger for such a reversal. I expect the ER to report profit margin expansion and continued growth in its key products.",0.01342911645770073,0.0034777745604515076,0.022221364080905914,-0.03879035264253616,0.01342911645770073,0.49602311849594116,6.1426825523376465,5.3823065757751465,6.030584812164307,5.75103235244751,0.4670118570997756,0.07174799369096765,-0.0034236106768781305
2025-04-30,AMD,AMD's Real Upside Is Unpriced,"AMD is expected to report Q1 2025 EPS of $0.94 on $7.11 billion revenue, +51.8% YoY. Forward P/E compressed to 22x despite 30%+ projected EPS CAGR through 2026, signaling deep market undervaluation. Data Center revenue surged 94% YoY in 2024, driving 28% segment margins and hyperscaler demand for MI300X and EPYC. AMD’s forward PEG ratio stands at 0.78, far below ARM (2.13) and QCOM (1.78), despite faster growth potential. Free cash flow scalability is poised to inflect upward as AI and enterprise workloads shift toward margin-rich infrastructure.",-0.007190518546849489,0.008990127593278885,0.022233810275793076,-0.025147637352347374,0.007190518546849489,0.49422886967658997,6.05537748336792,5.550275802612305,6.02895975112915,5.7422099113464355,0.47823898111075136,0.07182112849371985,0.013429116680337971
2025-05-02,AMD,AMD: You May Not Get It This Cheap Again,"AMD stock has shown resilience, recovering over 30% from April lows despite trade war uncertainties and semiconductor tariffs. The data center business is crucial for AMD, contributing nearly 49% of total revenue, and is expected to maintain momentum despite potential CapEx reductions. AMD's valuation is attractive, with a forward EBITDA multiple of 21.2x, suggesting the market has priced significant risks against its cyclicality. I argue why we could be hard-pressed to ask for even lower valuation multiples as the stock continues its recovery. Investors should consider capitalizing on the current opportunity to buy more and avoid regretting later on.",0.01811734028160572,0.003521787002682686,0.02253555692732334,-0.04059170186519623,0.01811734028160572,0.49484333395957947,6.144234657287598,5.448981285095215,6.031839370727539,5.742991924285889,0.47001464582180363,0.06890017724129374,0.022245230128663973
2025-05-02,AMD,AMD: It Could Get Worse Before The Turnaround Occurs,"Advanced Micro Devices continues to lag behind Nvidia as the AI revolution moves onto the “agentic phase”, while a possible slowdown in hyperscalers’ CapEx plans ahead would particularly hurt AMD. 67% of CIOs seek to purchase “AI agents” from external software companies, benefitting rival Nvidia as it is the key technology provider to key players like Salesforce, ServiceNow, and others. AMD still doesn’t offer hardware systems that are optimized for “agentic AI”, missing the opportunity to serve the 27% of enterprises that are open to building their own “AI agents”. However, as agentic workloads shift from the cloud to on-device computing, AMD is well-positioned to capitalize on this opportunity through its “Client” segment, particularly the “Ryzen” AI chip for PCs. AMD’s Chief Technology Officer estimates that “killer apps” for AI PCs may still be 3–6 years away, undermining the sales growth prospects in the near future.",0.01811734028160572,0.015851039439439774,0.02253555692732334,-0.0144407469779253,0.01811734028160572,0.512043297290802,6.0186262130737305,5.423487663269043,6.031839370727539,5.742991924285889,0.4739935052107758,0.06890017724129374,0.022245230128663973
2025-05-05,AMD,AMD: Too Cheap To Ignore Before Earnings (Rating Upgrade),"AMD is massively undervalued and presents a compelling opportunity ahead of Q1 earnings, despite competitive pressure from Nvidia. AMD's earnings record is strong, with only one EPS miss in the last 12 quarters, and AI tailwinds are robust. Valuation analysis shows a fair share price around $150, indicating a 52% upside potential, even with conservative growth assumptions.",-0.01958438940346241,0.003169795498251915,0.02257382497191429,-0.04067450016736984,0.01958438940346241,0.4932096302509308,6.131168365478516,5.44455623626709,6.033384323120117,5.744051456451416,0.4703425853311668,0.06555988287649916,0.018117340393148718
2025-05-06,AMD,AMD: Resilience In The Face Of Macro And Regulatory Adversity,"Technically, AMD is a broken stock. Fundamentally, AMD is in fine fettle. In its Q1 2025 earnings report, AMD showed strong performance with $7.44B in revenue, driven by Data Center and Client segments. Management's guidance for Q2 2025 suggests continued robust growth, despite macro and regulatory headwinds. Considering AMD's lucrative valuation, I rate AMD a """"Buy"""" in the $90s.",0.017643457278609276,0.005655646324157715,0.022625043988227844,-0.031385213136672974,0.017643457278609276,0.49471503496170044,6.0971784591674805,5.42396879196167,6.036739826202393,5.752315998077393,0.47078373999860246,0.06542710509841115,-0.019584388736740732
2025-05-06,AMD,Bottom Is Out: AMD Has No AI GPU Growth To Brag About (Rating Upgrade),"Advanced Micro Devices, Inc. reported Q1 2025, but didn't report its AI GPU sales, and CEO Lisa Su dodged Q&A about AI GPU growth. The bottom is out. We're upgrading AMD to a buy. AMD stock is cheap at current levels (underperforming semis) with potential for upside from CPU sales that can offset what is now obviously lackluster AI-GPU growth. Tariff pull-ins could be playing a bigger part than management makes it seem in the better-than-expected guide and print for the quarter. We recommend investors add AMD to their portfolio, but not snooze on it because in about two quarters, AMD’s risk-reward profile could shift heavily for the worse.",0.017643457278609276,0.002943817526102066,0.022625043988227844,-0.03872539848089218,0.017643457278609276,0.5012437105178833,6.119621753692627,5.4644951820373535,6.036739826202393,5.752315998077393,0.47172306809008685,0.06542710509841115,-0.019584388736740732
2025-05-06,AMD,AMD Q1 Earnings: I'm As Bullish As Can Be (Maintain Strong Buy),"Advanced Micro Devices, Inc. is undervalued with a 22.8x forward P/E, a 44% discount to its 5-year average, and a 0.82 forward PEG ratio, despite the most favorable growth outlook in recent years. AMD is a strong #2 in the AI hardware market and has a competitive edge in the inference market over Nvidia. The company is executing exceptionally well under CEO Dr. Lisa Su, with a promising outlook for the MI450x chip slated for 2H 2026. I reiterate my Strong Buy rating on AMD due to its strong Q1 report, positive growth prospects, and compelling current valuation.",0.017643457278609276,0.005741942673921585,0.022625043988227844,-0.03638731688261032,0.017643457278609276,0.4950712323188782,6.160778999328613,5.444304466247559,6.036739826202393,5.752315998077393,0.4691310047356725,0.06542710509841115,-0.019584388736740732
2025-05-06,AMD,"AMD: Excellent Results, It's Too Cheap","Advanced Micro Devices, Inc. reported strong Q1 earnings, beating expectations and providing positive guidance for Q2, driving a 5% stock price increase. AMD's data center segment saw a 57% revenue growth, driven by EPYC CPUs and Instinct GPUs, benefiting from AI investments. Despite weaker gaming and embedded segments, AMD's overall growth and operating margin expansion make it an attractive investment at a 22x earnings multiple. With $7 billion in cash, AMD is well-positioned to weather economic uncertainties, making it a compelling buy for chip and AI exposure.",0.017643457278609276,0.005628783255815506,0.022625043988227844,-0.03400123864412308,0.017643457278609276,0.4906561076641083,6.1287102699279785,5.388705730438232,6.036739826202393,5.752315998077393,0.4678745415001441,0.06542710509841115,-0.019584388736740732
2025-05-08,AMD,"China Is Baked In, Time To Pick Up AMD And Nvidia Stock","I think the relaxation of Biden-era U.S. export controls on AI chips is bullish for both Nvidia Corporation and Advanced Micro Devices, Inc., as it restores access to global demand and emerging markets. I think both stocks have already priced in the China headwind, thus presenting a buying opportunity at current levels as the regulatory overhang softens and sentiment improves. Nvidia's strong position in the GPU market and AMD's gains in the CPU and data center segments indicate robust growth potential for both companies. Both stocks are attractive on valuation metrics and show significant upside potential in the near to mid-term. I hereon share my sentiment on both AMD and NVDA and why I see more upsides ahead.",0.011209433898329735,0.008012503385543823,0.02290385402739048,-0.029916973784565926,0.011209433898329735,0.4976668059825897,6.162375450134277,5.418004512786865,6.053272724151611,5.803944110870361,0.4678606859303526,0.03459703833864677,0.013351896470120472
2025-05-08,AMD,Powering AMD's Growth In 2025: Key Technology Drivers Behind Its AI And Data Center Surge,"Launching in mid-2025, MI350 is a massive leap forward - AMD is promising a 35× performance bump over the MI300X. EPYC Turin - AMD’s latest data center CPU - is driving revenue right now. On the software side, ROCm - AMD’s answer to Nvidia’s CUDA - doesn’t directly bring in revenue, but it’s crucial for ecosystem viability.",0.011209433898329735,0.010511163622140884,0.02290385402739048,-0.02177717350423336,0.011209433898329735,0.5050308704376221,6.043177604675293,5.5803070068359375,6.053272724151611,5.803944110870361,0.48008899167028124,0.03459703833864677,0.013351896470120472
2025-05-09,AMD,"AMD: Q1 Performance Tests My Bear Thesis, But Risks Persist, Upgrade",,0.0513419546186924,0.0017852671444416046,0.02274215966463089,-0.038256049156188965,0.0513419546186924,0.4965243339538574,6.105649471282959,5.387297630310059,6.050504684448242,5.810940742492676,0.4687481446393211,0.02788197408897081,0.011209433862899632
2025-05-09,AMD,AMD: The Wake-Up Call Is Coming,"Advanced Micro Devices, Inc.’s data center revenue grew 57% year-over-year in Q1 2025, reaching $3.674 billion and contributing nearly half of total revenue. Gross margin hit 54%, driven by high-margin EPYC CPUs, Instinct GPUs, and reduced exposure to embedded and semi-custom segments. FCF reached $727 million in Q1, with over 90% operating income conversion and a growing net cash position of $3.14 billion. A 2027 SOTP valuation projects $363 billion in equity value, or $221 per share, based on conservative segment forecasts. Wall Street still values AMD as a legacy chipmaker, ignoring its AI infrastructure pivot and accelerating ROCm ecosystem adoption.",0.0513419546186924,0.0051358845084905624,0.02274215966463089,-0.03361915051937103,0.0513419546186924,0.49111616611480713,6.155542850494385,5.455365180969238,6.050504684448242,5.810940742492676,0.4698482811323317,0.02788197408897081,0.011209433862899632
2025-05-09,AMD,AMD Q1: You Still Have Time To Buy Before The Sentiment Shift,"Buy Advanced Micro Devices, Inc. proactively. My $200 target anticipates AI-driven margin gains amid data-center strength and macro-induced 2026 upside. Macroeconomic tailwinds from U.S. deregulation and free-trade momentum should boost AMD's valuation multiples; position yourself now ahead of the sentiment shift. Keep a 15-20% cash buffer amid China risks; deploy this steadily as TSMC Arizona ramps up, mitigating Taiwan-related supply chain concerns.",0.0513419546186924,0.006701068952679634,0.02274215966463089,-0.03376396745443344,0.0513419546186924,0.49463221430778503,6.152358055114746,5.425920486450195,6.050504684448242,5.810940742492676,0.46862929294464434,0.02788197408897081,0.011209433862899632
2025-05-09,AMD,AMD: Catalysts Align Ahead Of A 2025 Inflection Point,"Advanced Micro Devices, Inc.'s stock is undervalued despite strong business fundamentals, presenting a compelling long-term investment opportunity with a projected V-shaped recovery. The data center segment remains the cornerstone of AMD's growth strategy, with upcoming Instinct MI350/MI400 GPU launches and robust EPYC demand reinforcing acceleration. Tariff clarity and the strategic acquisition of ZT Systems are expected to lift key risk overhangs as well, and refocus investor attention on AMD's improving fundamentals. With catalysts stacking and downside risks priced in, AMD is poised for a fundamental re-rating that could unlock significant upside in the coming months.",0.0513419546186924,0.0039877500385046005,0.02274215966463089,-0.03646446764469147,0.0513419546186924,0.4949816167354584,6.170074462890625,5.429226398468018,6.050504684448242,5.810940742492676,0.46806496903224704,0.02788197408897081,0.011209433862899632
2025-05-12,AMD,AMD Is Quietly Catching Nvidia - Wall Street Just Doesn't See It Yet,"AMD reported strong Q1 results, with YoY gross profit up 46%, despite sequential revenue decline due to seasonality. AI demand, new product launches, and easing China tariffs position AMD for potential outperformance. AMD's valuation at 18x, 2026 earnings suggests room for growth, with a potential rally if it clears the $115 resistance. The main risk remains the China trade war, but AI-driven growth could make AMD a top performer in 2025. Strong Buy rating.",0.040140550583601,0.003825239837169647,0.02235313132405281,-0.03771423548460007,0.040140550583601,0.49602028727531433,6.1286845207214355,5.427609443664551,6.040953636169434,5.792640686035156,0.46966695900872774,0.02774367219631326,0.05134195446043632
2025-05-12,AMD,AMD: Strong Upside Potential If U.S.-China Trade Talks Turn Constructive,"AMD's 1Q FY2025 revenue topped the high end of its previous guidance, with strong margin expansion resulting in 55% YoY growth in non-GAAP EPS. The weak 2Q FY2025 outlook is largely impacted by the inventory write-off due to the MI308 chip ban in China. FY2025 remains a YoY growth rebound year, even considering the $1.5 billion revenue headwind from China, with Gaming and Embedded contributing positive YoY growth. AI data center demand remains strong, with AMD gaining CPU market share and beginning production of its fifth-gen EPYC at TSMC's new Arizona fab in April. The stock's valuation is attractive at 25x non-GAAP P/E fwd, nearly 50% cheaper than in my last analysis, supporting a Strong Buy as recent constructive trade talks could lift sentiment.",0.040140550583601,0.003444945439696312,0.02235313132405281,-0.037241317331790924,0.040140550583601,0.4963642954826355,6.149706840515137,5.41603946685791,6.040953636169434,5.792640686035156,0.46828274829137234,0.02774367219631326,0.05134195446043632
2025-05-14,AMD,AMD: Sell The Buyback News,"Advanced Micro Devices, Inc.'s strong rally doesn't justify its current valuation. Shares surged after a $6 billion buyback announcement, but the timing is odd given ample funds left on the current plan. Recent earnings were strong, with 36% revenue growth and a big Data Center segment boost, but future growth is expected to slow. Valuation now matches Nvidia's, despite AMD's weaker growth outlook; the stock is up over 60% from recent lows.",-0.02319064922630787,0.003977235406637192,0.022257806733250618,-0.03670210391283035,0.02319064922630787,0.4943660497665405,6.087789535522461,5.38688325881958,6.03783655166626,5.791051387786865,0.4694585506155163,0.02987839714456636,0.046772205042252324
2025-05-14,AMD,"AMD Will Never Match Nvidia, And That's Why It's A BUY (Upgrade)","I am upgrading AMD to a BUY due to an attractive valuation and upcoming catalysts such as China trade war de-escalation and a new AI hardware cycle. AMD trails Nvidia in AI chip technology, with data center growth at 39% YoY (Q1) versus Nvidia’s 427%, but its focus on memory and bandwidth is promising. AMD doesn't need to match Nvidia's pace; even modest AI inference gains and niche success can drive outsized returns of up to 10X from current share prices. Risks remain around data center growth and volatility, but current prices offer an asymmetric entry point with ample margin of safety, in my view.",-0.02319064922630787,0.005967995151877403,0.022257806733250618,-0.030331773683428764,0.02319064922630787,0.49696776270866394,6.139767646789551,5.321711540222168,6.03783655166626,5.791051387786865,0.46431280407962777,0.02987839714456636,0.046772205042252324
2025-05-15,AMD,AMD: Something Bigger Than The $6B Buyback Comes Next Month,"Advanced Micro Devices, Inc.'s outlook brightens with positive U.S.-China trade developments and upcoming MI350 AI accelerator launch at the Advancing AI event, maintaining my Strong Buy rating. AMD's Data Center business shows robust growth, with MI300 AI accelerator driving revenues; MI350 expected to further boost this segment. Management is expected to announce critical changes to ROCm, its software stack, with some updates already underway. Plus, updates on its rack-scale level designs will also follow per my analysis. Despite a $1.5B China-related inventory hit, AMD's strong Q1 earnings and optimistic future projections make it undervalued at current valuations.",0.01895817369222641,0.005980286747217178,0.022489897906780243,-0.03033805824816227,0.01895817369222641,0.49935102462768555,6.1124701499938965,5.341885089874268,6.04326868057251,5.816737651824951,0.46636279196936137,0.023913775641666184,-0.023190650090254117
2025-05-15,AMD,AMD's AI Data Center Strategy Is Working; And It's Still Trading Like A Legacy Chip Stock,"In its Q1 2025 earnings, AMD highlighted key wins, including Oracle and a major frontier model player leveraging Instinct GPUs for real-world inference at scale, not just in pilot tests. These public use cases add credibility to AMD’s position in AI beyond hardware specs alone. Despite external challenges, AMD is sticking to its annual cadence of GPU releases MI300, then MI350, followed by MI400. Net income rose 55% year-over-year, free cash flow reached $727 million, and the company secured $2.45 billion in capital through a debt raise and commercial paper, giving it the flexibility to fund the ZT acquisition and invest in R&D without compromising its balance sheet. Even after recent gains, AMD still trades at a steep discount to Nvidia, hovering in the mid-teens on a price-to-sales basis, compared to Nvidia’s 30x multiple.",0.01895817369222641,0.007544621825218201,0.022489897906780243,-0.025753622874617577,0.01895817369222641,0.5021250247955322,6.09626579284668,5.3813886642456055,6.04326868057251,5.816737651824951,0.46885787373742227,0.023913775641666184,-0.023190650090254117
2025-05-15,AMD,AMD's Profitability Trends: A Buy Signal For Savvy Investors,"Advanced Micro Devices, Inc.'s P/S ratio is 6.053, below its historical medians, suggesting potential undervaluation with a possible 27.77% price increase to $131.40. Despite strong AI data center market growth, AMD's lagging profitability and FCF generation compared to peers like Nvidia may limit valuation gains in the short term. AMD's first quarter earnings report showed improving profitability and free cash flow generation. The company's acquisition of ZT Systems should help boost revenue growth and profitability.",0.01895817369222641,0.004033992066979408,0.022489897906780243,-0.04200272262096405,0.01895817369222641,0.49496176838874817,6.129512310028076,5.424001693725586,6.04326868057251,5.816737651824951,0.469467704108282,0.023913775641666184,-0.023190650090254117
2025-05-15,AMD,AMD Has A Bright Future Ahead,"Advanced Micro Devices remains undervalued at 18x 2026 EPS, with strong AI prospects and a recent 60% rebound from lows. Blockbuster Q1 earnings beat expectations, with AI sales up 57% YoY and client segment sales up 68%. Major $10B AI partnership with HUMAIN and a $6B buyback boost long-term growth and EPS potential. My one-year price target is $175, with further upside possible as AMD's valuation and AI momentum improve.",0.01895817369222641,0.0038322992622852325,0.022489897906780243,-0.037772782146930695,0.01895817369222641,0.4910371005535126,6.152545928955078,5.4689040184021,6.04326868057251,5.816737651824951,0.4705870647100543,0.023913775641666184,-0.023190650090254117
2025-05-16,AMD,"AMD's AI Strategy Sprints Past Intel, Firmly In The Fast Lane","AMD's Q1 2025 earnings exceeded forecasts with a 36% revenue increase, driven by AI demand and upcoming """"Advancing AI 2025"""" event. AMD's GPUs, particularly the MI300X and the upcoming MI350 Series, lead in AI inference performance, challenging Nvidia's dominance. AMD's forward P/E ratio of 24.45 and PEG ratio under 1 indicate undervaluation, with earnings expected to grow 31.26%-45% annually. Despite strong growth prospects, AMD faces significant competition from Nvidia and Intel, and risks from supply chain disruptions and export restrictions.",-0.020739100873470306,0.0072613973170518875,0.022361179813742638,-0.02832404337823391,0.020739100873470306,0.4931541383266449,6.102012634277344,5.290286540985107,6.038997173309326,5.808999061584473,0.4643739125524473,0.023338193358030914,0.0189581732818056
2025-05-16,AMD,AMD: Inference Is Hitting An Inflection Point,"AI inference demand is at an inflection point, positioning Advanced Micro Devices, Inc. for significant data center and AI revenue growth in coming years. AMD’s MI300-series GPUs, ecosystem advances, and strong cloud adoption are driving double-digit AI revenue growth and attracting major hyperscaler customers. Valuation remains attractive, with AMD shares trading at a discount to sector PEG ratios; I see potential for over 50% upside as fundamentals improve. Risks include software ecosystem execution and China export controls, but I remain a strong buy on AMD due to its AI upside and discounted price.",-0.020739100873470306,0.005695067346096039,0.022361179813742638,-0.03164219111204147,0.020739100873470306,0.4938438832759857,6.198794364929199,5.427338600158691,6.038997173309326,5.808999061584473,0.46682234036510484,0.023338193358030914,0.0189581732818056
2025-05-16,AMD,AMD: A Losing Bet On AI,"Advanced Micro Devices, Inc. faces several major risks, which in our opinion are likely to undermine AMD’s growth opportunities. The loss of China-related revenues as a result of the stricter export restrictions and the overvaluation of the company’s shares makes us believe that AMD remains uninvestable. We continue to rate AMD as a SELL.",-0.020739100873470306,0.004636192694306374,0.022361179813742638,-0.029894357547163963,0.020739100873470306,0.49811333417892456,6.1698832511901855,5.425714015960693,6.038997173309326,5.808999061584473,0.46791156082409907,0.023338193358030914,0.0189581732818056
2025-05-16,AMD,AMD: China Trade Talks Could Be A Catalyst For AI Sales Growth,,-0.020739100873470306,0.001421542838215828,0.022361179813742638,-0.038592636585235596,0.020739100873470306,0.49047037959098816,6.138277530670166,5.428368091583252,6.038997173309326,5.808999061584473,0.46931221625213293,0.023338193358030914,0.0189581732818056
2025-05-16,AMD,AMD Isn't What It Seems,"Advanced Micro Devices' data center revenue grew 94% YoY in 2024 to $12.6 billion, driven by MI300X and EPYC demand. Full-stack integration via ZT Systems and ROCm positions AMD to deliver sovereign-ready, hyperscaler-optimized AI infrastructure platforms. ROCm 6.4 now supports top-tier LLMs like Llama 3.1, enabling 3x training and 17x decoder speed improvements. AMD's FY2024 FCF doubled YoY to $2.41 billion, with a projected $3.1 billion FCF in 2025 and 50% CAGR through 2030. The discounted cash flow model estimates the Company's intrinsic value at ~$225/share, supported by $23.5B FCF by 2030 and 4.5% terminal growth.",-0.020739100873470306,0.005756387487053871,0.022361179813742638,-0.030837083235383034,0.020739100873470306,0.49432405829429626,6.156740665435791,5.374026298522949,6.038997173309326,5.808999061584473,0.4660597439285577,0.023338193358030914,0.0189581732818056
2025-05-19,AMD,AMD: Still Not Pricing In Enough Risk,,-0.010719851590692997,0.001161167398095131,0.022163953632116318,-0.03966257721185684,0.010719851590692997,0.49434107542037964,6.120425701141357,5.599752426147461,6.034793376922607,5.795776844024658,0.4777873139239012,0.023220145034734026,-0.020739099967143737
2025-05-20,AMD,AMD's Growth Is Just Kicking Off,"AMD is delivering strong data center growth, with operating profits and margins rising sharply due to surging AI chip demand.
         The company announced a $6 billion share buyback, signaling confidence and enhancing shareholder value at current valuations.
         AMD trades at a significant discount to Nvidia and peers, offering a favorable risk/reward profile and potential for a 32%+ re-rating.
         Despite export curbs, AMD’s North America focus limits downside, supporting my view that the stock remains a strong buy for long-term investors.",-0.012774244882166386,0.004455041140317917,0.021942637860774994,-0.03592846542596817,0.012774244882166386,0.4902348816394806,6.147878646850586,5.4365315437316895,6.032319068908691,5.781207084655762,0.4692972239666489,0.023888710339022422,-0.010719851406999381
2025-05-21,AMD,AMD: Inference Explosion Incoming,"AMD's chiplet architecture and MI300X GPU give it a structural edge in AI hardware, especially for inference and memory-intensive tasks. The Xilinx acquisition positions AMD as a leader in edge AI and adaptive computing, offering a broader, more open platform than Nvidia. Strong data center and adaptive segment growth is driving a profitable financial flywheel, funding further innovation and strategic acquisitions. AMD trades at a significant discount to Nvidia, and even partial success in AI could unlock major upside for patient investors willing to look beyond current market narratives.",-0.01204710453748703,0.005392912775278091,0.021838683634996414,-0.03204021602869034,0.01204710453748703,0.4966861605644226,6.141594886779785,5.429669380187988,6.0302324295043945,5.764937400817871,0.46923734994865457,0.02321366032537349,-0.012774245003506213
2025-05-21,AMD,AMD's Runner-Up Position Remains A Viable Rebound Story,"AMD remains a viable rebound investing story, thanks to its overly discounted valuations, robust Free Cash Flow generation, and healthy balance sheet.
         This is on top of its growing x86 market share, with it already accretive to its client/ data center CPU sales at double digits YoY growth.
         We are likely to see improved data center sales growth profile from H2'25 onwards as well, thanks to the launch of its Instinct data center GPUs ahead.
         This is on top of AMD's accretive acquisition, ZT Systems, allowing them to offer the integrated/ customized GPU rack and cluster-scale AI systems to hyperscalers/ cloud providers.
         While there remains growth risks to its investment thesis, we believe that its discounted valuations and the $78s trading floor support its rich rebound investing story.",-0.01204710453748703,0.003729661926627159,0.021838683634996414,-0.03685610741376877,0.01204710453748703,0.4925907254219055,6.1795573234558105,5.407336711883545,6.0302324295043945,5.764937400817871,0.4666769796453661,0.02321366032537349,-0.012774245003506213
2025-05-21,AMD,AMD Falls Short On Closing The Data Center Growth Gap (Rating Downgrade),"I recommend a Sell rating on Advanced Micro Devices, Inc., targeting $84.29/share, due to lagging AI accelerator market share growth and the cost impact resulting from China export restrictions. Export controls on advanced chips to China will significantly compress margins from inventory impairments and reduce revenue in FY25 by roughly $1.5B in impact. Despite the relatively narrow market for AMD's AI chips, the organization is finding strength and gaining market share in its client compute segment.",-0.01204710453748703,0.007452733814716339,0.021838683634996414,-0.03217862546443939,0.01204710453748703,0.5055392980575562,6.16829776763916,5.446356296539307,6.0302324295043945,5.764937400817871,0.4689210945452358,0.02321366032537349,-0.012774245003506213
2025-05-22,AMD,AMD: Positives Everywhere,"AMD remains attractively valued, especially compared to Nvidia, with lower forward P/E ratios and strong upside potential. AI tailwinds and management's effective growth strategy continue to support AMD's long-term prospects and partnership expansion. Wall Street forecasts robust EPS and free cash flow growth for AMD, projecting 20%+ average bottom-line growth by 2029. Despite risks from Nvidia's scale, geopolitical tensions, and softer analyst sentiment, I reaffirm a STRONG BUY rating for AMD.",-0.0036130568478256464,0.0028303172439336777,0.022010914981365204,-0.038854651153087616,0.0036130568478256464,0.49163898825645447,6.145226955413818,5.396007537841797,6.033201694488525,5.764181137084961,0.4675416257242334,0.022298495670620068,-0.012047104261404429
2025-05-22,AMD,AMD Is Poised For A Sharp Rebound To $175,"I am initiating AMD with a Strong Buy and a $175–$200 price target, as the bottom is in and fundamentals are underappreciated. AMD’s strategic pivot to AI inference, ZT Systems acquisition, and ROCm ecosystem position it for significant market share gains against Nvidia. Technical analysis confirms a major trend reversal, with strong volume and structural breakouts suggesting the start of a new uptrend cycle. DCF and segment analysis support a $175 base case and $200+ possible if AI momentum and export controls resolve.",-0.0036130568478256464,0.004741782322525978,0.022010914981365204,-0.033720389008522034,0.0036130568478256464,0.49587661027908325,6.161728858947754,5.457465171813965,6.033201694488525,5.764181137084961,0.46969395272726333,0.022298495670620068,-0.012047104261404429
