date,ticker,title,summary,target_return,predicted_return,counterfactual_price_only_return,counterfactual_text_only_return,abs_target_return,gate_text_confidence,text_content_norm,text_noise_norm,price_content_norm,price_noise_norm,text_noise_ratio,volatility_20d,same_day_return
2024-08-21,INTC,"Intel: Segment's Struggles Are Troubling, Sell, But Watch Closely","Intel reported poor Q2 financial results, with its data center unit dragging down its performance. Intel may benefit from increased demand for AI PCs and significant sales of its Gaudi 3 AI chips. In the long term, the quality of its data center chips could improve, while investors may become excited about the performance of its foundry business.",-0.06118633598089218,-0.015004334971308708,0.02015983685851097,-0.06027460843324661,0.06118633598089218,0.45905932784080505,5.941311359405518,5.739811897277832,5.804637432098389,6.0110979080200195,0.49137499632094966,0.06812459424285572,0.020009532199798175
2024-08-21,INTC,Intel: Reasons I'm Still Not Convinced,"Intel's Q2 '24 earnings disappointed, leading to a 30% drop in share price and reaching the fair value target quicker than expected. Revenue growth has been stagnant, with challenges in the AI PC market and competition from companies like Qualcomm and Nvidia. Margins have taken a hit, with job cuts expected to save $10 billion in 2025, but there is a long road ahead for Intel to recover profitability.",-0.06118633598089218,-0.028641721233725548,0.02015983685851097,-0.08105886727571487,0.06118633598089218,0.4594154357910156,6.163204193115234,5.714967727661133,5.804637432098389,6.0110979080200195,0.4811319254997882,0.06812459424285572,0.020009532199798175
2024-08-27,INTC,Intel: The Road To Recovery Is Long (Downgrade),"I'm downgrading Intel to """"Hold"""" due to persistent internal issues, despite previous optimism about Gaudi 3's long-term potential. INTC's Q2 report showed disappointing revenue and profitability, with significant earnings misses and competitive pressures impacting margins. Management's pessimistic Q3 guidance and ongoing challenges from competitors like AMD, Nvidia, and TSMC suggest a tough road ahead for Intel. Despite Intel's efforts in restructuring and new product launches, I see no immediate end to the headwinds, making it premature to upgrade to """"Buy"""".",-0.022919734939932823,-0.028089841827750206,0.020346704870462418,-0.07887972146272659,0.022919734939932823,0.4578208327293396,6.138145923614502,5.5214762687683105,5.803973197937012,6.008781909942627,0.4735553328970639,0.06927728711026063,-0.00298059952527574
2024-08-29,INTC,Intel: The Turnaround Faces Massive Challenges,"My previous Sell rating for Intel has been spot on as Wall Street punishes the stock due to lack of a clear roadmap toward growth. Intel has announced several changes including layoffs, dividend cuts, and capex reduction which might have a positive impact in the near term. However, one of the biggest drawbacks for Intel has been the wrong long term strategy of trying to beat TSM with massive capex in high-cost regions. The negative FCF for Intel is unlikely to change in the near term and Wall Street could overlook the progress made by the company in AI chips. Intel is trading at a very low price but it will be quite a while before the management is able to turn the ship around.",0.09488335251808167,-0.02244257740676403,0.020333807915449142,-0.07255431264638901,0.09488335251808167,0.4674570858478546,6.156527996063232,5.758821487426758,5.801690101623535,5.987695693969727,0.48331116895947923,0.06891213735235663,0.02651700837482629
2024-08-30,INTC,Intel: Is The Moat Still Intact?,"The brand has historically been strong in high-performance gaming, but recent financial struggles raise concerns about its future. Debt levels and uncertain future cash flows make it difficult to accurately value the company. Intrinsic value is probably substantially lower than market.",-0.08802179992198944,-0.025771325454115868,0.020512551069259644,-0.07411904633045197,0.08802179992198944,0.4675896167755127,6.149650573730469,5.502730369567871,5.804584503173828,5.990065097808838,0.4722408575847494,0.04345347907268813,0.09488334994485936
2024-09-03,INTC,"Intel: If You Build, They Will Come","Some believe Intel Corporation stock is in a free fall, with no turning back. However, the company appears to have a plan, a roadmap to recovery. Intel is executing on strategies to wrestle back control of the semiconductor industry, launching smaller, more powerful chips embedded with proprietary industry-leading technologies. In addition, the semiconductor segment is at the cusp of an explosion in demand, with Intel at the right place at the right time. We're initiating coverage on Intel Corporation with a Buy Rating and $33/share Price Target.",-0.03333333507180214,-0.009385919198393822,0.021008962765336037,-0.058239132165908813,0.03333333507180214,0.46592289209365845,5.937285423278809,5.927366256713867,5.818485736846924,6.044095993041992,0.4995819866089003,0.045680274514898644,-0.08802179915931274
2024-09-03,INTC,Intel: Relentless Carnage Demands Damage Control,"Intel Corporation's Q2 earnings report was disastrous, and there was a bleak Q3 forecast. Gross margin headwinds and higher non-core business charges hurt Intel, despite efforts to reduce spending and improve profitability. Intel is exploring strategic options, including a potential spin-off of its foundry business and significant spending cuts, to boost shareholder value. Despite some positive developments, Intel remains in damage control mode, with better chip stock alternatives available for investors. Lost your shirt here? Let us help you get back to even.",-0.03333333507180214,-0.017055032774806023,0.021008962765336037,-0.06164831668138504,0.03333333507180214,0.4681861996650696,5.997905254364014,5.854066371917725,5.818485736846924,6.044095993041992,0.4939318584711967,0.045680274514898644,-0.08802179915931274
2024-09-03,INTC,Assessing Intel (Rating Downgrade),,-0.03333333507180214,-0.013037284836173058,0.021008962765336037,-0.06245750933885574,0.03333333507180214,0.47739720344543457,6.141847610473633,5.858256816864014,5.818485736846924,6.044095993041992,0.4881838197605788,0.045680274514898644,-0.08802179915931274
2024-09-04,INTC,Intel: Foundry Spin-Off Would Be A Mistake (Rating Downgrade),"Intel Corporation is rumored to be considering alternative options for its foundry division. While an appealing idea on the surface, I think this would be a mistake for the company's long-term future. Continuing to execute the foundry turnaround using proceeds from the design division is the best path forward.",-0.0015440394636243582,-0.012723485007882118,0.020976372063159943,-0.05425120145082474,0.0015440394636243582,0.46176084876060486,6.011143207550049,6.10115909576416,5.811990737915039,6.069968223571777,0.5037158867884463,0.04622315260378731,-0.03333333649643222
2024-09-04,INTC,"Intel Won't Return To Dominance, But It Can Achieve Relevance","In the 2010s, Intel failed to invest in keeping its leadership position. The current transition, while difficult, is returning Intel to relevance. Foundry is not just about competing with TSMC; it is first about rebuilding Intel's manufacturing ability. Intel is betting all on 18A; if it fails, all bets are off. My current valuation puts Intel at $30 and makes me assign the stock a Strong Buy.",-0.0015440394636243582,-0.01866750977933407,0.020976372063159943,-0.06895902007818222,0.0015440394636243582,0.46628162264823914,6.038835525512695,5.778563022613525,5.811990737915039,6.069968223571777,0.48898774117500604,0.04622315260378731,-0.03333333649643222
2024-09-04,INTC,Intel's Lunar Lake Reignites PC Competition,"Inspired by the competitive threat from Arm-based chips such as Apple's M-series SOCs and Qualcomm's  Snapdragon X-series, Intel has made a number of changes to its chip architecture for its new Core Ultra Series 2 chips (codenamed """"Lunar Lake""""). The new Intel chips beat the others on many battery-life and performance-per-watt tests. One of the key challenges that Intel is facing is how to take some of the radically different ideas it integrated into Lunar Lake and incorporate them into future SOC designs.",-0.0015440394636243582,-0.014819921925663948,0.020976372063159943,-0.06824222952127457,0.0015440394636243582,0.4621155560016632,6.086179256439209,5.823893070220947,5.811990737915039,6.069968223571777,0.4889888919636481,0.04622315260378731,-0.03333333649643222
2024-09-10,INTC,Intel: Bumps In The Road To Foundry Success Led To Excessive Negative Pressure On Shares,"Intel's stock dropped over 18% due to poor profitability, workforce reduction, dividend suspension, and lower guidance, creating a negative outlook. Despite challenges, Intel is investing in AI and foundry segments, with new product releases like the Gaudi 3 AI accelerator expected in Q3 2024. Operating margins and revenue forecasts have been lowered, but long-term investments and cost-cutting measures aim to stabilize future profitability. The target price for Intel shares is reduced to $39, maintaining a BUY rating, indicating a potential good entry point for investors.",0.034773439168930054,-0.026029055938124657,0.019571663811802864,-0.07612647861242294,0.034773439168930054,0.4632069170475006,6.105764865875244,5.561435222625732,5.793842315673828,6.02841329574585,0.4766726532877863,0.041091936893984625,-0.004719462717784784
2024-09-10,INTC,Intel Is Throwing The Kitchen Sink - Buy It,,0.034773439168930054,-0.009954763576388359,0.019571663811802864,-0.060417696833610535,0.034773439168930054,0.45028066635131836,5.968649387359619,5.9133195877075195,5.793842315673828,6.02841329574585,0.49767169061924005,0.041091936893984625,-0.004719462717784784
2024-09-10,INTC,Intel: Stay Away From Falling Knives,"Intel's stock remains significantly overvalued despite a 37% drop since mid-June, with a """"Strong Sell"""" rating due to inefficiencies and poor strategic decisions. Recent quarterly earnings missed estimates, with revenue down 1% YoY and adjusted EPS dropping to $0.02, highlighting financial struggles. Intel's balance sheet is weaker than rivals like Nvidia and AMD, with high debt and lower profitability, making it less competitive. The CAPEX-heavy business model hinders growth and innovation, and even with optimistic FCF assumptions, Intel is still about 30% overvalued.",0.034773439168930054,-0.03608563542366028,0.019571663811802864,-0.09399164468050003,0.034773439168930054,0.4575490951538086,6.2011637687683105,5.28580379486084,5.793842315673828,6.02841329574585,0.4601565875050144,0.041091936893984625,-0.004719462717784784
2024-09-10,INTC,Intel: Foundry Spinoff Won't Stop Sell Pressure (Technical Analysis),"Since my last writing, a critical development surrounding INTC stock is the potential spinoff of its foundry division. Finding a suitable buyer at a reasonable price seems to me unlikely under current conditions. Even if the spinoff materializes, it is only a way to cut losses. I expect the company to continue to have trouble competing with fabless rivals such as ADM and NVDA.",0.034773439168930054,-0.022722644731402397,0.019571663811802864,-0.07057368010282516,0.034773439168930054,0.4635641276836395,6.154733657836914,5.69496488571167,5.793842315673828,6.02841329574585,0.48059998022580414,0.041091936893984625,-0.004719462717784784
2024-09-12,INTC,Intel Stock: Turning Bullish For The First Time In Years (Rating Upgrade),,0.015495827421545982,-0.010228371247649193,0.019776618108153343,-0.057560570538043976,0.015495827421545982,0.4637553095817566,6.023430824279785,6.074988842010498,5.797706604003906,6.008439064025879,0.5021307748925822,0.03938804326251771,-0.01425655743372678
2024-09-12,INTC,Intel Goes All In On 18A In A Showdown With TSMC,,0.015495827421545982,-0.006145356222987175,0.019776618108153343,-0.04915475845336914,0.015495827421545982,0.4532816410064697,5.916270732879639,5.875511169433594,5.797706604003906,6.008439064025879,0.49827169617854594,0.03938804326251771,-0.01425655743372678
2024-09-13,INTC,Intel Must Decide: Baby Or Bathwater?,"Intel's stock has plummeted due to disappointing earnings, but the current low price and potential strategic moves suggest it may be a hold. The company is considering selling parts of its business to focus on core operations, though this is controversial and may not be the best move. Reasons to buy include the potential success of the 18A process node, compelling valuation, and promising technical outlook. Despite past mistakes, Intel's bearish sentiment may be overdone, and the stock could be at a bottoming range, warranting a hold rating.",0.06358087807893753,-0.015851644799113274,0.01987525261938572,-0.06707831472158432,0.06358087807893753,0.46886032819747925,5.999774932861328,5.985436916351318,5.798325538635254,5.997981548309326,0.4994018455121446,0.03850102492971506,0.015495827872037626
2024-09-16,INTC,Intel: The Night Looks The Darkest Before The Dawn,"Intel's financial decline stems from past decisions and delays in advancing chip manufacturing technology, leading to a significant decline in stock price and market position. The hope for recovery lies in the Intel 18A node, which promises substantial improvements in technology and margins, potentially launching in 2025. Despite challenges, Intel's strategic importance to the US economy and potential government incentives offer a cushion against complete failure. I am bullish on Intel, believing it can deliver solid, double-digit returns, making it a speculative 'buy' with a favorable risk-to-reward ratio. The valuation sensitivity analysis supports the value component of the investment thesis, as even conservative assumptions indicate strong upside potential to intrinsic value.",0.026781419292092323,-0.014922341331839561,0.01996375434100628,-0.06381014734506607,0.026781419292092323,0.46082577109336853,5.950899600982666,5.865129470825195,5.7984137535095215,5.986170291900635,0.49637060260950505,0.04115630282951946,0.06358087536631096
2024-09-17,INTC,Intel-Amazon: Game Changer? More Like A Sinking Chip,"Intel's partnership with AWS for its advanced 18A node sparks excitement, but the company's financials remain a concern with $25 billion in net debt. Intel's restructuring efforts, including cutting $10 billion in opex and shedding 15,000 jobs, cast doubt on its ability to reignite stable revenue growth. Despite the AWS partnership, Intel's valuation at 2x this year's sales and negative free cash flow until 2025 make it a risky investment. I recommend staying clear of INTC, as better investment opportunities exist elsewhere, given Intel's uncertain growth prospects and significant long-term risks.",-0.03260358050465584,-0.02147500403225422,0.02054346352815628,-0.07327387481927872,0.03260358050465584,0.46443772315979004,6.148752689361572,5.688265323638916,5.812635898590088,6.026628494262695,0.48054884409156645,0.040998782416654105,0.026781418939689328
2024-09-17,INTC,Intel Drops A Foundry Bombshell: It's Time To Buy,"Intel secures a major, multi-billion dollar design win with Amazon. Intel's foundry division will become an independent subsidiary, allowing it to raise capital independently and reduce conflicts of interest. With a clear foundry turnaround plan and positive momentum on its 18A node, Intel is a Buy.",-0.03260358050465584,-0.011756358668208122,0.02054346352815628,-0.06494520604610443,0.03260358050465584,0.4580507278442383,5.9371185302734375,5.840128421783447,5.812635898590088,6.026628494262695,0.4958823098095076,0.040998782416654105,0.026781418939689328
2024-09-17,INTC,Intel Stock: Finally At The Right Price,"Intel stock has surged recently due to positive developments, including an expanded partnership with Amazon AWS. Despite Intel's CapEx-heavy, free-cash-flow-negative status, its valuation offers upside potential, making INTC stock a Buy. Intel aims for positive adjusted free cash flow by 2025, improving liquidity and reducing leverage through strategic measures. Intel's turnaround efforts show promise, but significant work remains to transform it into an excellent company.",-0.03260358050465584,-0.011670494452118874,0.02054346352815628,-0.06148800998926163,0.03260358050465584,0.4596516788005829,5.964284896850586,5.827295303344727,5.812635898590088,6.026628494262695,0.4941912113906252,0.040998782416654105,0.026781418939689328
2024-09-17,INTC,Intel Is Just Getting Started,"Intel plans to establish Intel Foundry as an independent subsidiary, aiming to compete with TSMC and secure external customers with strong U.S. government support. Intel's 5N4Y target focuses on launching 18A CPUs by late 2025, with key products Panther Lake and Clearwater Forest being crucial to success. Next-gen Arrow Lake CPUs are expected soon, boasting strong specs and significant multi-core performance improvements, essential for Intel's competitive edge. Despite financial struggles and job cuts, Intel's future looks promising with subsidies, 18A launch, and potential revenue growth from internal and external customers.",-0.03260358050465584,-0.012616178020834923,0.02054346352815628,-0.06353413313627243,0.03260358050465584,0.46564579010009766,5.985564231872559,5.977755069732666,5.812635898590088,6.026628494262695,0.4996736205920775,0.040998782416654105,0.026781418939689328
2024-09-18,INTC,Intel: Sinking Transformation,"Intel's ongoing transformation under Pat Gelsinger faces setbacks, with layoffs and delayed fabs, casting doubt on business improvements. The AWS deal isn't material enough to turn around a struggling foundry business, and questions exist in why Amazon is using Intel. The cost reduction plans, including $10 billion cuts and 15,000 layoffs, highlight financial strain and inefficiencies compared to rivals like Nvidia and AMD. Investors should avoid Intel stock as it focuses on cost-cutting and government subsidies, while leading AI chip companies advance with new technologies.",0.01781410351395607,-0.021444568410515785,0.021112848073244095,-0.07965650409460068,0.01781410351395607,0.46254822611808777,6.082333564758301,5.828794002532959,5.813863754272461,6.088708400726318,0.4893570293494901,0.041295613987551494,-0.03260358071625158
2024-09-18,INTC,Intel's Rebound: Why I Am Skeptical,"Intel stock remains a hold despite being at multi-year lows due to poor earnings, weak guidance, and management struggles. Intel's long-term performance is dismal, with the stock down 42% over the last decade, indicating chronic underperformance. A new CEO, preferably an outsider, could potentially drive significant corporate culture reform and improve Intel's competitive position. Until Intel demonstrates consistent, better-than-expected earnings and innovation, INTC stock could remain range-bound between $20-$30.",0.01781410351395607,-0.018731938675045967,0.021112848073244095,-0.07751524448394775,0.01781410351395607,0.46546363830566406,5.982314109802246,5.934590816497803,5.813863754272461,6.088708400726318,0.4979976640914489,0.041295613987551494,-0.03260358071625158
2024-09-19,INTC,Is Intel's Turnaround Story Over? (Rating Downgrade),"Intel targets over $10 billion in savings by 2025, reducing OpEx to $17.5 billion — a 20% cut. Plans to decrease workforce by over 15% by 2025, aiming to streamline operations and boost profitability. Intel’s Panther Lake and Lunar Lake CPUs target the AI PC market, which is expected to exceed 50% by 2026. Despite revenue growth, Intel reported $2.8 billion in operating losses in Q2 due to higher manufacturing costs. Intel aims to regain process leadership with Intel 18A by 2025, but execution risks lead to a hold rating.",0.03311261907219887,-0.016515931114554405,0.020537912845611572,-0.056229352951049805,0.03311261907219887,0.4695817828178406,6.0394206047058105,5.87963342666626,5.795516490936279,6.107245922088623,0.49329698574987735,0.04124330013589162,0.017814103212812737
2024-09-19,INTC,Intel: Gelsinger's Optimism Isn't Enough To Turn Around Its Sinking Ship,"Intel stock has found a consolidation zone above the $20 level as its selling intensity normalized. CEO Pat Gelsinger attempts to assure investors of Intel's roadmap, bolstered by its foundry partnership with AWS. Intel could benefit from a cyclical recovery in its client business through 2026, but execution risks remain high. INTC is also not valued at a discount, suggesting plenty of room for disappointment. I explain why investors should consider staying away from Intel's sinking ship, as the risk/reward upside isn't attractive enough. Read on to find out more.",0.03311261907219887,-0.011373383924365044,0.020537912845611572,-0.0657678171992302,0.03311261907219887,0.4591827094554901,5.9485673904418945,5.882262229919434,5.795516490936279,6.107245922088623,0.4971977806015674,0.04124330013589162,0.017814103212812737
2024-09-20,INTC,Intel And Qualcomm: A Solid Merger Match,,0.03296700119972229,-0.007217703387141228,0.019703473895788193,-0.05389457195997238,0.03296700119972229,0.46565157175064087,5.888731956481934,5.799868583679199,5.781479358673096,6.098636627197266,0.49619871632628737,0.039199029469293364,0.03311261982733149
2024-09-20,INTC,Intel: A Perfect Example Of Why 'Cheap' Doesn't Always Mean 'Buy',"Intel's transformation into a foundry business has led to declining core business revenues and profitability, with no immediate catalysts for stock growth. Government funding will not solve the company's problems; INTC's future profitability remains uncertain, and the stock continues to underperform the broader market. The stock appears extremely cheap, trading below book value, but lacks the necessary catalysts to justify an investment. I maintain a """"Hold"""" rating on Intel due to limited downside risk, significant opportunity costs, and uncertain future prospects.",0.03296700119972229,-0.024466289207339287,0.019703473895788193,-0.07811535894870758,0.03296700119972229,0.4661799371242523,6.142017364501953,5.743516445159912,5.781479358673096,6.098636627197266,0.4832358846592543,0.039199029469293364,0.03311261982733149
2024-09-23,INTC,Should Qualcomm Buy Intel?,,0.011081560514867306,-0.009325692430138588,0.02029331773519516,-0.06161051243543625,0.011081560514867306,0.45124372839927673,5.95401668548584,5.871627330780029,5.760069847106934,6.166079998016357,0.49651649607440074,0.03952876019337414,0.03296700129689234
2024-09-23,INTC,"Intel Doesn't Need Qualcomm, The Amazon Partnership Is More Important","Intel's share price has plummeted, but I believe it has bottomed and presents a value opportunity for patient long-term investors. The Amazon deal solidifies Intel's standing in the AI chip market, signaling its competitiveness and potential to attract other major clients. Intel's upcoming catalysts include the Windows 10 upgrade cycle, AI computing advancements, and the buildout of AI infrastructure, all of which could drive profitability. Despite past failures and competition, Intel's cost reduction plans and strategic investments could restore its profitability to over $10 billion annually.",0.011081560514867306,-0.01132333092391491,0.02029331773519516,-0.059374548494815826,0.011081560514867306,0.46063193678855896,5.947721481323242,5.854755878448486,5.760069847106934,6.166079998016357,0.49606160638813773,0.03952876019337414,0.03296700129689234
2024-09-24,INTC,Intel: Back In Play After Buyout Rumors,"Intel's shares could surge due to Qualcomm's buyout interest, driven by Intel's low valuation and strategic fit with Qualcomm's product portfolio. Intel's recent struggles, including weak earnings and competitive challenges, make it an attractive acquisition target, trading at a forward P/E ratio of 18.5X. Qualcomm stands to diversify its revenue streams by acquiring Intel's manufacturing capabilities and expanding into new business (PC) lines. A merger would be transformative for Intel, but regulatory hurdles and the risk of no deal remain significant concerns for investors.",0.03200357034802437,-0.017291521653532982,0.020047836005687714,-0.07987488061189651,0.03200357034802437,0.46226054430007935,5.98344087600708,5.902204990386963,5.724071979522705,6.189911842346191,0.4965826053319155,0.039085791171801124,0.011081560546019054
2024-09-24,INTC,Intel Stock: Too Cheap For Longer Term - Buy-Rated,"Intel Corporation stock is too cheap for longer-term investors to ignore. Intel is undervalued and trading significantly below the peer group average with a market cap of roughly $93B and the stock down 55% YTD. While there remain no near-term catalysts at play for Intel's Client PC, which accounts for the bulk of sales, we see green shoots for a PC TAM recovery in 2025. We think the AI PC moment should boost ASP, helping Intel's top line towards the end of 2025. There is also a longer-term potential for the foundry business to become a secondary source after TSMC, along with CHIPS Act funding.",0.03200357034802437,-0.01377941481769085,0.020047836005687714,-0.06111801415681839,0.03200357034802437,0.46280646324157715,5.992422580718994,5.863112926483154,5.724071979522705,6.189911842346191,0.4945464439730169,0.039085791171801124,0.011081560546019054
2024-09-24,INTC,Qualcomm Acquiring Elements Of Intel Could Support Western Manufacturing,"Qualcomm is looking at potentially taking over Intel or buying parts of its business. I believe that if this is executed strategically, it could be highly beneficial to both parties. Capital raised by Intel could be used to strengthen its position in Western foundries, improving the global economic stability in relation to the balance of manufacturing power. Consensus estimates for Intel's EPS and revenue growth show great improvement on the horizon for FY25. As a result, I expect we could see a 30%+ 12-month return from now. Over the long term, annual returns are likely to be more moderate as a result of a protracted, difficult challenge on management's hands amid TSMC competition and current contractions.",0.03200357034802437,-0.011003976687788963,0.020047836005687714,-0.0579800084233284,0.03200357034802437,0.45766401290893555,5.922367095947266,5.859255313873291,5.724071979522705,6.189911842346191,0.497321600545339,0.039085791171801124,0.011081560546019054
2024-09-25,INTC,Intel's Breakup Can Generate Significantly More Value For Shareholders,"Intel is in talks with Qualcomm for a potential merger and Apollo for a potential $5 billion investment, boosting shareholder value if deals proceed. A multi-billion-dollar partnership with Amazon AWS for custom AI chips could catalyze Intel's transition to EUV technology and attract more hyperscaler clients. If Intel is broken up, individual segments like client and foundry services could unlock significant value, potentially raising Intel's total equity value to $722 billion.",0.016142699867486954,-0.011905835941433907,0.018701981753110886,-0.059127241373062134,0.016142699867486954,0.45576757192611694,5.955052852630615,5.930339813232422,5.709426403045654,6.163161277770996,0.4989603608356091,0.03939751177819924,0.032003571533393727
2024-09-26,INTC,Intel's Capitulatory Drop Is A Buying Opportunity For Investors And Industry Peers,"Intel's struggles continue with disappointing earnings, layoffs, and suspended dividends, but potential for recovery exists through foundry development and strategic asset sales. Cost cuts and potential segment sales, including interest from Qualcomm and Apollo Global Management, could drive Intel's turnaround and valuation increase. Intel's future hinges on foundry success, AI and datacenter growth, and overcoming delays and market risks, with a potential share price reaching $25.50-$29.70 before the end of 2024. Risks include delays in development, continued GPU dominance in AI, and a weak Chinese market, which could hinder Intel's recovery and growth prospects.",-0.0004180697724223137,-0.02056681178510189,0.017917510122060776,-0.07520582526922226,0.0004180697724223137,0.4614472985267639,5.908652305603027,5.858104228973389,5.712635040283203,6.136155128479004,0.49785208113713836,0.038707456950908686,0.016142699489699153
2024-09-26,INTC,Intel Stock: Time To Double Down,"Despite recent setbacks, I remain optimistic about Intel's long-term goals, including cost reductions, manufacturing capacity increases, and strategic partnerships like the AWS AI chip deal. Intel's Q2 FY2024 results were disappointing, with revenue and margins falling short, but the company's aggressive transformation strategy could yield significant future value. A potential breakup of Intel could unlock substantial shareholder value, with individual segments possibly worth more than the current market cap. Despite risks and competition, I recommend buying INTC stock now, anticipating higher future valuations and potential strategic moves like divestitures or takeovers.",-0.0004180697724223137,-0.020837774500250816,0.017917510122060776,-0.07059437036514282,0.0004180697724223137,0.4683926999568939,5.996196746826172,5.794878005981445,5.712635040283203,6.136155128479004,0.4914630877563653,0.038707456950908686,0.016142699489699153
2024-10-01,INTC,Intel: Spectacular September Comeback,"Intel Corporation's turnaround, led by CEO Pat Gelsinger, focuses on restoring technological competitiveness, with 18A products expected by H2 '25, despite recent revenue declines and layoffs. The reason the turnaround hasn't succeeded is that it only really starts with 18A, which is on track, but ultimately only has an indirect effect on its financial performance/revenue. Intel's stock trades below book value, presenting an investment opportunity based on potential gross and profit margin growth, with a possible return to $30-40 per share. Risks include aligning cost structure with current revenue, but improved economics and cost savings from the reorganization offer a path to profitability. Intel delivered a stacked September with three major leadership product launches. While a Qualcomm merger might secure its financial stability, it is not required.",-0.013221733272075653,-0.017742371186614037,0.017725404351949692,-0.0663861408829689,0.013221733272075653,0.4629741311073303,6.005431652069092,5.93480110168457,5.755941390991211,6.056722640991211,0.49704232941508986,0.02705508313482771,-0.03282176387315694
2024-10-11,INTC,Intel: Existential Threats And Strategic Missteps,,-0.005093333311378956,-0.010606253519654274,0.020326605066657066,-0.05306948721408844,0.005093333311378956,0.4665009081363678,6.037161827087402,6.0599565505981445,5.801254749298096,5.986158847808838,0.5009421550983492,0.025167170773959056,0.014642556530669149
2024-10-16,INTC,Intel Could Lose Its Dow 30 Spot,,0.005827031563967466,-0.003789452835917473,0.020983457565307617,-0.04429001361131668,0.005827031563967466,0.46443867683410645,5.950238227844238,6.049520969390869,5.808159828186035,5.988223552703857,0.5041368639117566,0.021831469927082185,-0.015445736267721055
2024-10-16,INTC,Intel: Inventory Does Not Lie,,0.005827031563967466,-0.004767188802361488,0.020983457565307617,-0.04623471945524216,0.005827031563967466,0.4661630690097809,5.944122314453125,5.804152011871338,5.808159828186035,5.988223552703857,0.4940429420230194,0.021831469927082185,-0.015445736267721055
2024-10-18,INTC,Intel Q3 Preview: Temporary Weakness Before Strength In 2025,"Intel's current valuation is attractive for near-term investors, with a 50% market cap growth potential in 2025, driven by the 18A node and rising AI demand, despite anticipated Q3 weakness. Management's cost-reduction plan, including layoffs and dividend suspension, aims to improve free cash flow but may hinder long-term growth against competitors like NVIDIA and TSMC. Intel's Data Center and AI unit struggles due to competition and product delays, necessitating strategic clarity and operational efficiency to regain its market position. While INTC may not lead in chip design or foundry services, its role in the global tech ecosystem and current low valuation make it a Buy.",0.0030742071103304625,-0.014824872836470604,0.02094491757452488,-0.06404361873865128,0.0030742071103304625,0.46007686853408813,5.973276615142822,5.860309600830078,5.8084211349487305,5.990182399749756,0.49522684787806537,0.020618565690129605,0.014705878603042288
2024-10-21,INTC,Intel: Expect Strong Buying Pressure On Q3 Earnings Release,"Intel's Q2 FY2024 results were disappointing, with revenue and margins falling short of expectations, highlighting ongoing struggles against competitors like AMD and TSMC. Despite recent negative sentiment and downgrades, I believe Intel has a favorable environment to beat Q3 expectations, potentially leading to a stock price recovery. Intel's long-term initiatives, including AI and foundry expansions, are promising but slow-moving, with significant competition and execution risks. I remain neutral on Intel stock due to valuation concerns and high competitive pressures, despite potential short-term positive surprises in the upcoming Q3 report.",-0.019264470785856247,-0.01880607195198536,0.02082209289073944,-0.07145072519779205,0.019264470785856247,0.46543678641319275,5.961766719818115,5.7903947830200195,5.805713653564453,5.982930660247803,0.49270891840800113,0.019320221201360514,0.003074207001183993
2024-10-22,INTC,Intel's Revival May Be Here Sooner Than You Think,"Intel is set to report Q3 earnings on October 31, 2024, with low expectations due to a continual restructuring effort. Intel's potential sale of Altera or Mobileye could raise billions of dollars for the chipmaker, aiding its restructuring and boosting investor confidence in its transformation. Despite low EPS estimates and a distressed valuation, Intel shares could revalue significantly if restructuring progresses and Gaudi 3 AI accelerators gain traction. Risks include continued cash bleeding, failure to catch up in AI accelerators to AMD and Nvidia, and lack of concrete plans for selling standalone businesses, which could disappoint investors.",-0.018750004470348358,-0.02123979665338993,0.02080722339451313,-0.07807432860136032,0.018750004470348358,0.46581152081489563,5.928841590881348,5.794576644897461,5.804234504699707,5.9776201248168945,0.49427364343382757,0.01965840400294873,-0.019264471590109133
2024-10-28,INTC,Intel: Make-Or-Break Earnings Moment,"Intel has been one of the worst performers this year, as the stock corrected after every earnings result. Over the past year, I have mentioned that Intel’s main headwind is the wrong strategy within the foundry business where it competes with highly efficient TSM. The upcoming earnings result is a make-or-break moment for the company, and the management needs to provide greater clarity about the future roadmap. The turnaround would not materialize until 2026 which can continue to put pressure on the stock for the next few quarters. Due to enormous challenges facing the company, the stock does not look like a value buy despite the massive correction in YTD.",-0.0008726203232072294,-0.024077733978629112,0.021102191880345345,-0.07497093826532364,0.0008726203232072294,0.4592709243297577,6.220128059387207,5.723036766052246,5.809548377990723,5.9860992431640625,0.4791892977865844,0.018718692758414354,0.010582000347830522
2024-10-31,INTC,Intel Remains Broken,,0.07806693017482758,-0.00710236094892025,0.02091898024082184,-0.0628390684723854,0.07806693017482758,0.45374083518981934,5.83510684967041,5.952378273010254,5.809040546417236,5.997521877288818,0.5049744038748855,0.019543110177212237,-0.034977524931955495
2024-10-31,INTC,Intel Stock: Full Steam Ahead On This Turnaround,"Intel Corporation is up after reporting Q3 earnings. While the report was concerning on its face, the results show progress on a restructuring plan. Guidance and progress on 18A reaffirm INTC is a stock to own.",0.07806693017482758,-0.010151637718081474,0.02091898024082184,-0.056948207318782806,0.07806693017482758,0.462994784116745,5.947048664093018,5.958992958068848,5.809040546417236,5.997521877288818,0.5005016064261272,0.019543110177212237,-0.034977524931955495
2024-10-31,INTC,Intel Drops Critical Q3 Results: It's Over,"Intel Corporation had tremendous losses in a “kitchen-sinked” quarter, with big write-downs. We move to a buy on a robust pipeline of activity and positive views of the business lines. The Bears are no longer in control.",0.07806693017482758,-0.012609822675585747,0.02091898024082184,-0.058639779686927795,0.07806693017482758,0.463896244764328,5.944042682647705,5.799342155456543,5.809040546417236,5.997521877288818,0.49383906219599333,0.019543110177212237,-0.034977524931955495
2024-11-01,INTC,Intel Q3: Another 2 18A Wafer Design Wins; Time To Buy (Rating Upgrade),"Since I initiated a “Sell” rating on Intel Corporation in November 2023, the stock price has declined by more than 49%, compared to 26% positive return in the S&P 500. I think the near-term weakness is already reflected in their stock price, and Intel is making progress on its 18A process launch. Notably, beyond AWS, Intel added two 18A wafer design wins during the quarter from compute centric companies. Intel expects its first external customer to launch their 18A design in the first half of 2025 and enter high-volume production in the first half of 2026. I am upgrading to a “Buy” with a fair value of $28 per share.",-0.029310356825590134,-0.011466829106211662,0.021076183766126633,-0.059299975633621216,0.029310356825590134,0.4687366187572479,5.955184459686279,5.856553554534912,5.815474987030029,6.022702693939209,0.49582487754835025,0.0262799538505795,0.07806692701856766
2024-11-01,INTC,"Intel: Outlook Too Easy To Miss, Buy For The Honeymoon Phase","We reiterate our buy on Intel Corporation after 3QFY24 earnings, as we continue to believe the outlook will be too easy to miss. For the quarter, Intel management reported Q3 sales of $13.28B outpacing consensus of $13.02B and guided for Q4 sales of $13.3-14.3B, with the midpoint ahead of consensus estimates at $13.66B. We think INTC should see some share regain in the PC market with Lunar Lake. We think investors will enjoy a honeymoon phase until 1H25 before the share threats from ARM Holdings and Nvidia kick in more fully on the server and AI PC front (potentially).",-0.029310356825590134,-0.013523830100893974,0.021076183766126633,-0.06677349656820297,0.029310356825590134,0.46263882517814636,5.9382405281066895,5.806126117706299,5.815474987030029,6.022702693939209,0.4943754135754745,0.0262799538505795,0.07806692701856766
2024-11-01,INTC,Intel: Why I'm Avoiding This Stock After Earnings,,-0.029310356825590134,-0.005027996376156807,0.021076183766126633,-0.0498083159327507,0.029310356825590134,0.4637138545513153,5.901360034942627,5.99041748046875,5.815474987030029,6.022702693939209,0.503744496792414,0.0262799538505795,0.07806692701856766
2024-11-04,INTC,Intel: Look For Big Downside In 2025 As Semiconductor Cycle Peaks,"Intel reported what appeared to be a """"kitchen sink"""" quarter. The stock fired up in response as investors said the worst was behind them. The larger semiconductor cycle looks to be peaking, and that portends poor things for the sector laggard.",0.03552394360303879,-0.01730993203818798,0.02133873663842678,-0.07493413239717484,0.03552394360303879,0.4655468165874481,6.02481746673584,5.7509307861328125,5.8173508644104,6.075121879577637,0.488370731323282,0.027087546635167402,-0.029310357017834243
2024-11-04,INTC,Intel: It May Take Some Time,"Intel's financials continue to be awful. Heavy capex spending is necessary but likely won't yield financial benefits for the company for some years. Despite poor financials, high trading volume suggests potential institutional accumulation, anticipating positive developments at Intel. We rate the stock at Accumulate with an eye to replicating what we believe to be large-investor accumulation.",0.03552394360303879,-0.011725662276148796,0.02133873663842678,-0.06291530281305313,0.03552394360303879,0.4676154553890228,5.919013977050781,5.899890422821045,5.8173508644104,6.075121879577637,0.49919097601673884,0.027087546635167402,-0.029310357017834243
2024-11-04,INTC,Intel: Small Step In The Right Direction,"Intel beat street revenue estimates for Q3, but badly missed on the bottom line. Management provided a decent current quarter forecast. The company's balance sheet worsened in Q3, and remains deep in a net debt situation.",0.03552394360303879,-0.018403513357043266,0.02133873663842678,-0.06504517793655396,0.03552394360303879,0.4633418619632721,5.942196369171143,5.7733893394470215,5.8173508644104,6.075121879577637,0.4927956214087986,0.027087546635167402,-0.029310357017834243
2024-11-04,INTC,Intel: The Worst Is Over,"Intel reported worse-than-expected Q3 results, driven by non-recurring charges. The top line beat estimates, however, and the Q4 outlook is solid. Intel has likely seen the worst already, with a $16.6B quarterly loss in Q3. Sentiment is so strained, that despite $18.5B in impairment and restructuring charges, Intel's share price rallied 8% after earnings. INTC stock is trading at a FY 2025 P/E ratio of 22X, which is significantly below its longer-term historical average P/E ratio.",0.03552394360303879,-0.022380700334906578,0.02133873663842678,-0.07454175502061844,0.03552394360303879,0.46573126316070557,6.055205821990967,5.88701057434082,5.8173508644104,6.075121879577637,0.49295795512034113,0.027087546635167402,-0.029310357017834243
2024-11-05,INTC,Intel's Comeback Story Gains Momentum,"Intel’s revenue reached $35.9 billion YTD 2024, growing 6.2%, while operating margins rose to 27%, showing cost management improvements. Core Ultra 200V and 200S processors address AI demand in mobile and desktop markets, with a projected 100 million AI PCs by 2025. The x86 Ecosystem Advisory Group boosts software compatibility, accelerating the adoption of AI-compatible Intel-based systems. Intel’s independent foundry unit targets new clients backed by AWS investments and U.S. government funding. Intel faces intense competition from Nvidia, production delays, and financial strain from workforce cuts and unproven foundry ventures.",0.07418522983789444,-0.010945094749331474,0.020568516105413437,-0.059448279440402985,0.07418522983789444,0.45641106367111206,5.945274353027344,5.777052879333496,5.802237510681152,6.078583240509033,0.49282474075495697,0.026601485710441134,0.03552394408521198
2024-11-05,INTC,Intel: Don't Bet On The Wrong Horse In The AI Race,,0.07418522983789444,-0.0059892963618040085,0.020568516105413437,-0.05013805627822876,0.07418522983789444,0.45499786734580994,5.926671028137207,5.99167013168335,5.802237510681152,6.078583240509033,0.502726851944978,0.026601485710441134,0.03552394408521198
2024-11-05,INTC,Intel Q3: Mr. Market Was Wrong About Earnings,"Intel's Q3 earnings showed a slight revenue beat but a big earnings miss due to restructuring charges, leading to a mixed market reaction. Despite some positive signs in cost-cutting and segment growth, Intel's lowered guidance and ongoing challenges suggest caution. Intel's Foundry business has potential but remains unproven, with significant investments and some early wins, including a partnership with AWS. Given the current uncertainties and technical indicators, I maintain a Hold rating on Intel, seeing no compelling reason to buy or sell.",0.07418522983789444,-0.01609249971807003,0.020568516105413437,-0.06598208844661713,0.07418522983789444,0.47008976340293884,5.940847396850586,5.924457550048828,5.802237510681152,6.078583240509033,0.49930933731260574,0.026601485710441134,0.03552394408521198
2024-11-05,INTC,"Intel: Business Improving, Financials Not Yet","Intel's """"5 nodes in 4 years"""" roadmap and restructuring aim to improve profitability, though substantial revenue growth seems unlikely in the near to mid term. Q3 results showed a 6% YoY revenue decline and non-GAAP EPS of -$0.46, indicating no recovery from the mid-2022 revenue decline. Foundry, Mobileye, and AI businesses could offer some revenue growth over time. Despite potential profitability improvements, the reorganization's early stage suggests no immediate rush to invest in Intel stock.",0.07418522983789444,-0.014386599883437157,0.020568516105413437,-0.05105461925268173,0.07418522983789444,0.4670392572879791,6.058088302612305,5.953171730041504,5.802237510681152,6.078583240509033,0.495632574255883,0.026601485710441134,0.03552394408521198
2024-11-05,INTC,"Intel: Enterprise AI, Going Where The Money Will Be","The Q3 earnings result is decent, but investors need a long-term view, as Intel's foundry's long lead time continues to negatively affect its consolidated margin. INTC's extensive presence in the enterprise will be an edge as it focuses its AI strategy on this segment. Retrieval-augmented generation and small language model can be the catalyst the Company needs to gain traction in the booming AI market. Acquisition interest in Intel improves the odds for investors, as this can limit the potential downside.",0.07418522983789444,-0.011296181008219719,0.020568516105413437,-0.059520989656448364,0.07418522983789444,0.46026355028152466,5.97853946685791,5.897653102874756,5.802237510681152,6.078583240509033,0.49659460035237674,0.026601485710441134,0.03552394408521198
2024-11-06,INTC,Intel Q3: Management Is Back On Track,,0.04710580036044121,-0.005649333819746971,0.019683511927723885,-0.04468908905982971,0.04710580036044121,0.45942047238349915,5.917284965515137,5.931771278381348,5.7903289794921875,6.055527687072754,0.5006112855136742,0.031317639053024746,0.07418523005471123
2024-11-08,INTC,Intel: Possible Turnaround Due To Its CPU Dominance In PCs And Data Center Market,"Intel's stock is undervalued, presenting a compelling investment opportunity due to its dominant market position and significant progress in manufacturing technology. The company's restructuring initiatives are showing success, with improved profitability and substantial cost reductions, including a workforce reduction of 16,500 employees. INTC's strong market positions in data center CPUs and PC processors, along with new product launches, underscore its growth potential and resilience. Government support and strategic partnerships, such as the collaboration with AWS, bolster Intel's manufacturing capabilities and financial recovery, enhancing its long-term prospects.",-0.04389318823814392,-0.01339891366660595,0.01961670257151127,-0.06257352232933044,0.04389318823814392,0.4573935270309448,5.939241886138916,5.797434329986572,5.785786151885986,6.067156791687012,0.4939587855393635,0.03255703874149801,-0.001143682036614968
2024-11-11,INTC,Intel Stock: It's Not Too Late To Buy The Dip,"I maintain my bullish rating on Intel, believing the stock is undervalued after its massive YoY drop, presenting a buying opportunity for brave medium-term investors. Despite Q3 2024 challenges, Intel's cost reduction and new product launches, like new processors for AI, could drive recovery and future growth. Intel's partnership with AMD and AWS, along with ambitious restructuring, aims to regain market share and improve financial performance. I think that INTC will continue to make efforts, and somewhere in 2025, we might see a turnaround in the company's fortunes, which could lead to the stock's medium-term growth. My valuation calculations say that the stock is undervalued by 31% over the next 2 years as the firm emerges from its challenging period.",-0.03552892059087753,-0.014113640412688255,0.019307393580675125,-0.061765410006046295,0.03552892059087753,0.4634736478328705,5.954748630523682,5.868523597717285,5.782227516174316,6.057116508483887,0.49635358845068994,0.0343480839441691,-0.043893186732483325
2024-11-12,INTC,Intel: The Bottom Is In,"The Company's third-quarter earnings were poor due to ongoing restructuring, but the market's muted reaction suggests optimism for future improvements. Intel Foundry's significant losses are a major concern; divesting it could allow Intel to focus on profitable segments like Client Computing and Data Center. INTC's AI accelerator Gaudi 3 and AI PC growth are promising, potentially driving future sales and profitability. Intel's stock is undervalued with a favorable risk/reward ratio, and successful restructuring could lead to substantial revaluation and profit growth.",0.03145696222782135,-0.016634469851851463,0.01937696523964405,-0.07067062705755234,0.03145696222782135,0.4614899456501007,5.952437877655029,5.8862996101379395,5.783425807952881,6.051372051239014,0.49720670098537617,0.03447975526730655,-0.035528918832528955
2024-11-18,INTC,"Intel: Cautiously Optimistic As Trump Returns, PC Shipments Stall",,-0.025764871388673782,-0.010221684351563454,0.019750893115997314,-0.058794327080249786,0.025764871388673782,0.4653318524360657,6.068204879760742,5.917660236358643,5.794884204864502,6.006784439086914,0.4937199091619751,0.0355890937677062,0.020123193570504183
2024-11-19,INTC,Intel: This Is The Time To Buy Again,"Intel's shares have been volatile, but Q3 results showed progress in cost reduction and potential for recovery, boosting investor optimism. New AI CPUs and Gaudi 3 AI accelerator launches could drive growth in Intel's Client Computing and Data Center businesses. Intel's foundry business has growth catalysts, including a custom AI chip deal with Amazon and a $3 billion grant under the Chips and Science Act. Despite past underperformance, Intel remains a BUY for me, though risks remain.",-0.007851261645555496,-0.013031525537371635,0.019963398575782776,-0.0633002445101738,0.007851261645555496,0.4624973237514496,5.973073959350586,5.863663673400879,5.798698425292969,6.005604267120361,0.4953783597581834,0.03584913831951347,-0.02576487060052457
2024-11-20,INTC,Intel: Can It Survive Another Year Of Node Process Setbacks?,"Intel Corporation's Q3 '24 results showed impairments and write-offs, but the core business performance was better than expected, though not an inflection point in its turnaround. Intel's aggressive node development plan still lags behind TSMC and Samsung, impacting its ability to compete in high-end microchips. Despite strong early 2024 sales, Intel's Client Computing Group and Data Center & AI segment show mixed performance, with declining INTC margins and sales volatility.",0.0179092176258564,-0.018278995528817177,0.02014780603349209,-0.05553499609231949,0.0179092176258564,0.46538689732551575,5.962269306182861,5.719515323638916,5.802297592163086,6.006022930145264,0.4896097218773743,0.035559223094192384,-0.007851261490395833
2024-11-21,INTC,3 Key Reasons We're Bullish On Intel's Turnaround,"Intel has been through the ringer, but we see signs of life. Significant cost cuts should give the company breathing room to reinvest into the segments that are working, and Foundry margins should improve as the unit matures. While there are serious risks when it comes to competition and execution, we think the stock, at less than 2x FWD sales, appears interesting. We're initiating coverage of INTC with a 'Buy' rating.",0.002454969799146056,-0.01653236337006092,0.02023158222436905,-0.0717846155166626,0.002454969799146056,0.4673750400543213,5.950769901275635,5.954529285430908,5.802915096282959,6.001316547393799,0.500157887008773,0.035586599320898554,0.017909217037762826
2024-11-27,INTC,Intel Is Steering The Ship To Profitability (Rating Upgrade),"Intel Corporation faced a challenging quarter with a -6% top-line decline and significant impairments, but management is positioning for growth and profitability by eFY25. The restructuring plan includes a 15% workforce reduction, $1b non-product cost savings, and capital outlay reduction to $20-23b, aiming for positive free cash flow. New INTC product launches, including the Arrow Lake and Panther Lake, are expected to be margin accretive as they will not include embedded storage on the chip.",0.01691330410540104,-0.01563931815326214,0.020734496414661407,-0.06040334701538086,0.01691330410540104,0.4685307741165161,5.892358779907227,5.884871959686279,5.809495449066162,6.0155930519104,0.49968214852933224,0.03619746069159615,-0.01663200129810738
2024-12-02,INTC,Wall Street Lunch: Intel's Top Exec To Retire,Intel made the announcement that CEO Pat Gelsinger is retiring. ISM Manufacturing index improved to 48.4 in November from 46.5 in October. Marvell Technology rose on expanding its strategic collaboration with Amazon Web Services.,-0.06101132184267044,-0.010915538296103477,0.020397618412971497,-0.06217648833990097,0.06101132184267044,0.4611811339855194,6.008918762207031,6.01572322845459,5.801748752593994,5.997516632080078,0.5002829384131288,0.030831442092608165,-0.0049895607356131855
2024-12-02,INTC,"Intel: May Be A Value Trap, Uncertain Growth Prospects","INTC continues to report an uncertain turnaround, underwhelming FQ3'24 performance, and missed opportunities in the AI/ foundry sectors. Despite a +30% recovery from its August 2024 low, the stock has underperformed the broader market and semiconductor peers, highlighting its ongoing struggles. INTC's restructuring, including layoffs and reduced capex, contrasts sharply with its competitors' intensified investments during the AI capex boom, further dampening its growth prospects. The management's $100B foundry ambitions are likely to trigger further headwinds in its Free Cash Flow generation and balance sheet health over the next few years. This is also why we believe INTC may be a potential value trap, with its seemingly low stock prices coming with mixed growth potential.",-0.06101132184267044,-0.026892920956015587,0.020397618412971497,-0.0759711042046547,0.06101132184267044,0.45932719111442566,6.167172908782959,5.60524320602417,5.801748752593994,5.997516632080078,0.47613362893055755,0.030831442092608165,-0.0049895607356131855
2024-12-03,INTC,"Old CEO Out, 'New CEO' In - Struggling Intel Is A Bargain Nonetheless","Intel's recent struggles include suspending dividends, delaying factory construction, and drastic cost-cutting measures, reflecting significant financial challenges. Despite disappointing quarterly results, management remains optimistic about long-term improvements in margins and free cash flow by 2026. Rumors of a Qualcomm takeover are circulating, but financial and strategic hurdles make such a deal unlikely. Intel's stock is undervalued, trading below book value, presenting a long-term buying opportunity despite short-term volatility and pessimistic sentiment. And on Monday morning, the news broke that CEO Pat Gelsinger retired and was replaced by David Zinsner and Johnston Holthaus.",-0.02269694022834301,-0.015477539971470833,0.020923402160406113,-0.0686027854681015,0.02269694022834301,0.46360793709754944,5.994002342224121,5.903212547302246,5.8133063316345215,6.040575981140137,0.4961844097225312,0.033245986593589925,-0.06101132357718808
2024-12-03,INTC,Is Intel A Buy After CEO Pat Gelsinger's Sudden Retirement?,"Markets were stunned Monday by Intel Corporation CEO Pat Gelsinger's sudden retirement. The decision was effective immediately, with the position at the helm temporarily replaced jointly by CFO David Zinsner and Intel Products CEO Michelle Johnston Holthaus. The sudden leadership change suggests a rift between Gelsinger, his previous IDM 2.0 turnaround plan, and the Board. And the ensuing sentiment shift could restore prospects of a foundry spin-off.",-0.02269694022834301,-0.00896732322871685,0.020923402160406113,-0.05442590266466141,0.02269694022834301,0.4684732258319855,5.946850299835205,5.93464469909668,5.8133063316345215,6.040575981140137,0.4994863609023687,0.033245986593589925,-0.06101132357718808
2024-12-03,INTC,"Intel Is Changing For The Better, It's Time To Buy","Intel Corporation has been removed from the Dow Jones 30, replaced by NVIDIA Corp, reflecting their poor performance over the past five years. Intel's stock is down 57% from five years ago, underperforming compared to other large semiconductor companies. Intel was once dominant in CPU hardware, but the shift to GPU hardware has left them struggling to compete. The transition in the semiconductor industry from CPU to GPU dominance has significantly impacted Intel's market position and stock performance. However, Intel has changed, and the future is looking rosier by the day, especially now with CEO Pat Gelsinger stepping down.",-0.02269694022834301,-0.019351018592715263,0.020923402160406113,-0.05808868259191513,0.02269694022834301,0.46201902627944946,6.180513858795166,5.522435188293457,5.8133063316345215,6.040575981140137,0.47188406666324995,0.033245986593589925,-0.06101132357718808
2024-12-03,INTC,"Intel Rehashed: What Went Wrong? Maybe The Better Question Is, 'What Didn't?'",,-0.02269694022834301,-0.0077764298766851425,0.020923402160406113,-0.06112317740917206,0.02269694022834301,0.45269185304641724,5.926382064819336,5.874997138977051,5.8133063316345215,6.040575981140137,0.49782292709369297,0.033245986593589925,-0.06101132357718808
2024-12-03,INTC,Intel: Challenges For The New CEOs,"I see Intel's leadership change to co-CEOs Zinsner and Holthaus as net-neutral and thus maintain my Hold rating on the stock. I expect the new CEOs to take a fresh look at many facets of Intel’s turnaround plan (for example, the spin-off of its foundry unit). I also expect the new CEOs to keep receiving government support. However, I'm not certain about the company’s underlying profitability and its financial resources. These are also important ingredients for successful turnarounds besides effective leadership.",-0.02269694022834301,-0.011541737243533134,0.020923402160406113,-0.056050270795822144,0.02269694022834301,0.4714523255825043,5.825372695922852,5.910784721374512,5.8133063316345215,6.040575981140137,0.5036388411646885,0.033245986593589925,-0.06101132357718808
2024-12-03,INTC,Intel: Pat's Away - Reiterating Buy,"Intel Corporation announced the retirement of Pat Gelsinger; we think it was a right guy, wrong time kind of situation. We also believe INTC stock is trading below its intrinsic value at current levels and that new management coupled with PC TAM expansion in 2025 could bode well for the company. Intel's undervaluation, new management and potential business break up, presents a compelling trade opportunity for the first half of 2025, in our opinion. We reiterate a buy on INTC stock as a trade, rather than a long-term investment.",-0.02269694022834301,-0.011092057451605797,0.020923402160406113,-0.06174509972333908,0.02269694022834301,0.4635729193687439,5.956327438354492,5.887932300567627,5.8133063316345215,6.040575981140137,0.4971127305844576,0.033245986593589925,-0.06101132357718808
2024-12-03,INTC,The End Of An Era: What Gelsinger's Departure Means For Intel,,-0.02269694022834301,-0.007569560781121254,0.020923402160406113,-0.054078519344329834,0.02269694022834301,0.4616738259792328,5.988104820251465,5.935120582580566,5.8133063316345215,6.040575981140137,0.49777810802522826,0.033245986593589925,-0.06101132357718808
2024-12-04,INTC,Intel: Prospects Of A New CEO Could Improve Sentiment (Rating Upgrade),"Despite Intel's historical underperformance and management issues, I'm upgrading my rating from hold to buy due to potential positive sentiment changes. Intel's struggles stem from manufacturing challenges, competition, strategic missteps, and poor financial performance, all linked to poor management. Pat Gelsinger's dismissal is a positive step, but Intel needs an outside CEO to reform its corporate culture and drive a sustainable turnaround. Intel has significant potential; with the right leadership, it could see improved profitability and a 25-33% stock price increase in the near term.",-0.05282330885529518,-0.020668862387537956,0.021074850112199783,-0.07874269038438797,0.05282330885529518,0.46026715636253357,6.022656440734863,5.852827548980713,5.812594413757324,6.077625274658203,0.4928496012498433,0.03255140013829818,-0.022696940118673292
2024-12-04,INTC,Intel: Don't Expect The Debacle To End Well,"Intel's CEO Pat Gelsinger's abrupt departure raises concerns about the company's future as INTC struggles near 10-year lows. Interim Executive Chair Frank Yeary and two co-CEOs are overseeing the leadership transition, but many questions remain. Intel's failure to capitalize on AI growth and its inability to convince investors of its transformation dealt Gelsinger a severe blow. INTC faces monumental challenges in supplanting TSMC while attempting to catch up with AMD and Nvidia. I argue why investors should avoid INTC as its troubles are far from over.",-0.05282330885529518,-0.026792103424668312,0.021074850112199783,-0.08403351157903671,0.05282330885529518,0.4603029191493988,6.159328460693359,5.593211650848389,5.812594413757324,6.077625274658203,0.4759151296454645,0.03255140013829818,-0.022696940118673292
2024-12-04,INTC,"Intel Is Sinking As Risk Factors Pile Up, Is It A Time To Get Out?","Intel's stock price has dropped over 10% since Monday's noon, falling from ~$25.4. The market tends to overreact to negative news, leaving investors wondering whether Intel is a 'buy the dip' opportunity. However, one has to acknowledge increased headwinds with a high degree of uncertainty regarding the future of Intel's leadership. I initiated my position at Intel at $19.26 per share. I provided a commentary on the actions taken regarding my position in light of recent management changes.",-0.05282330885529518,-0.008348869159817696,0.021074850112199783,-0.05963943153619766,0.05282330885529518,0.4698840081691742,5.904757976531982,5.667235851287842,5.812594413757324,6.077625274658203,0.4897371996226743,0.03255140013829818,-0.022696940118673292
2024-12-05,INTC,"Intel Upgrade: Made In America, Slowly","A new CEO could bring fresh leadership, potentially revitalizing the company's strategy and improving operational efficiency. The company's current challenges include stagnating growth and declining market share. The new CEO needs to be a better marshal of resources and get the FABs done as quickly as possible. The speculative buy rating is based on a historically low price to book ratio and underperforming assets that have not yet reached entrance into useful life.",0.005769271403551102,-0.014528593048453331,0.02054954506456852,-0.06692901998758316,0.005769271403551102,0.46525710821151733,5.996145248413086,5.947031021118164,5.801870346069336,6.087405204772949,0.4979438372930485,0.028998831858038362,-0.052823310372190124
2024-12-05,INTC,"Intel: The Board Shoots Itself In The Foot, Here's What Comes Next","Intel CEO Pat Gelsinger has resigned. With the board likely forcing his hand, questions remain on next steps. I think Intel should maintain course on its foundry turnaround with its new 18A node.",0.005769271403551102,-0.012823058292269707,0.02054954506456852,-0.0641578808426857,0.005769271403551102,0.4702986478805542,5.939437389373779,6.022180557250977,5.801870346069336,6.087405204772949,0.5034586946450476,0.028998831858038362,-0.052823310372190124
2024-12-05,INTC,Intel: The Worst Is Not Over Yet,"After years of underperformance, there’s a risk that Intel will continue to lose its competitive advantages and won’t be able to properly revive its business anytime soon. The latest departure of its CEO Pat Gelsinger shows that Intel needs a new strategy if it wants to recover and avoid another lost decade. We believe that INTC is a sell right now.",0.005769271403551102,-0.019795136526226997,0.02054954506456852,-0.06257223337888718,0.005769271403551102,0.46704450249671936,6.169119358062744,5.794520378112793,5.801870346069336,6.087405204772949,0.4843442719685795,0.028998831858038362,-0.052823310372190124
2024-12-06,INTC,Intel: The Problems Gelsinger Leaves Behind,"Intel's CEO Pat Gelsinger's departure highlights Intel's struggles with semiconductor leadership and competition from Nvidia, leading to revenue loss and market cap decline. Gelsinger's unrealistic goals and managerial style led to misrepresented progress, culminating in the failure of the """"5 nodes in 4 years"""" strategy. Intel's data center business suffered due to Nvidia's superior GPU technology, with Intel's attempts like Ponte Vecchio failing to compete effectively. The only viable path forward may involve spinning off Intel's Foundry, potentially leading to government intervention to preserve technological sovereignty.",-0.005258155521005392,-0.02800351195037365,0.020565755665302277,-0.07016043365001678,0.005258155521005392,0.4624395966529846,6.260880470275879,5.460150241851807,5.791997909545898,6.120585918426514,0.4658421580793021,0.026132226665163332,0.0057692713286059405
2024-12-06,INTC,Intel: Examining The Track Records Of The New CEOs In Consideration,"The ousting of Patrick Gelsinger as CEO is my opinion an admission of a failed turnaround strategy with Intel missing the AI bet and losing market share in the traditional CPU business. Prospective new CEO Lip-Bu Tan has a stellar track record at Cadence Design and intimate knowledge of Intel, with a clear idea of what different things ought to be done. Matt Murphy's successful turnaround at Marvell also makes him a candidate for Intel's CEO position, but he is committed to Marvell, making his Intel appointment unlikely. Lip-Bu Tan is my base case for most likely CEO. I expect his appointment to lead to operating margin improvement driven by cuts to bloated middle management personnel at Intel. I expect the new CEO's compensation to be generous, potentially exceeding Gelsinger's 2021 package.",-0.005258155521005392,-0.012590238824486732,0.020565755665302277,-0.05687414109706879,0.005258155521005392,0.46414387226104736,5.963305950164795,5.907520771026611,5.791997909545898,6.120585918426514,0.4976503245961971,0.026132226665163332,0.0057692713286059405
2024-12-06,INTC,Intel: Should Have Kept Gelsinger (Rating Downgrade),,-0.005258155521005392,-0.008428419008851051,0.020565755665302277,-0.05156194418668747,0.005258155521005392,0.46902433037757874,6.013549327850342,5.949428558349609,5.791997909545898,6.120585918426514,0.49732003310080114,0.026132226665163332,0.0057692713286059405
2024-12-09,INTC,Intel: Can One Person Make A Difference?,,-0.031234964728355408,-0.009055150672793388,0.019497133791446686,-0.05332633852958679,0.031234964728355408,0.4530068039894104,6.034352779388428,5.801846027374268,5.778547763824463,6.100663185119629,0.49017814942909305,0.026067356318253007,-0.00525815535135743
2024-12-09,INTC,Oversold Intel: Is A Rebound Likely?,"INTC has dropped 10% since my last analysis, extending its year-to-date decline to 56%. CEO Pat Gelsinger’s exit intensifies uncertainty about Intel’s turnaround strategy, execution, and long-term leadership stability. Q3 gross margins hit 41%, but Q4 is projected to contract to ~39.5% due to rising costs and tailwinds fading. Intel targets $17.5B OpEx and $14B CapEx by 2025, reducing spending by $10B to balance growth and costs. Intel remains in oversold territory with weak volume and bearish trends, suggesting speculative buying opportunities.",-0.031234964728355408,-0.018582845106720924,0.019497133791446686,-0.06182641535997391,0.031234964728355408,0.46561694145202637,5.995049953460693,5.790533542633057,5.778547763824463,6.100663185119629,0.49132344992098165,0.026067356318253007,-0.00525815535135743
2024-12-09,INTC,Pray And Fast For Intel,"Intel Corporation's future hinges on the success of its 18A node and GPU competitiveness, supported by significant U.S. government funding and strategic partnerships. Despite recent setbacks, including the CEO's departure and financial struggles, Intel's long-term potential remains strong with strategic investments and cost reduction plans. Intel's shift to TSMC's 3nm process for GPUs and the development of Falcon Shores are crucial for regaining market competitiveness by 2025-2026. Investors must be patient, as Intel's turnaround is a multi-year bet, reliant on technological advancements and continued government support.",-0.031234964728355408,-0.01426231674849987,0.019497133791446686,-0.06224533170461655,0.031234964728355408,0.46341925859451294,5.912969589233398,5.900961875915527,5.778547763824463,6.100663185119629,0.4994917985873588,0.026067356318253007,-0.00525815535135743
2024-12-12,INTC,Intel's CEO Was Ousted Leaving The West In Dire Need Of Foundry Fortification (Rating Downgrade),"Intel's ousting of CEO Pat Gelsinger undermines its turnaround, raising concerns about its ability to achieve IDM 2.0 and secure a competitive Western semiconductor manufacturing position. Intel Foundry Services is now an independent subsidiary. Selling it to the U.S. government may ensure its strategic growth and reduce vulnerability to China. Intel’s current valuation and managerial uncertainty make it a Hold. Without significant structural changes, the company will continue to lag AMD and Nvidia, potentially sinking Intel Foundry Services with it.",-0.021174231544137,-0.020834190770983696,0.018924880772829056,-0.07202083617448807,0.021174231544137,0.46319806575775146,6.064940929412842,5.800716400146484,5.785889625549316,6.042810440063477,0.4888659969722407,0.024849494432779926,0.03280317196235538
2024-12-12,INTC,Intel: Qualcomm Buyout Possibility Is A Real Risk For Bears And AMD,"We have maintained a “Sell” rating on Intel Corporation for some time, and it has worked out really well. Recent events suggest a possible Qualcomm buyout of INTC. This could present a real threat to the Intel bears and also create headaches for its arch nemesis. There are other reasons, as well, to turn less bearish on Intel, and we go over those in our verdict.",-0.021174231544137,-0.019457982853055,0.018924880772829056,-0.06609582155942917,0.021174231544137,0.46720078587532043,6.0748066902160645,5.851058006286621,5.785889625549316,6.042810440063477,0.4906191840330018,0.024849494432779926,0.03280317196235538
2024-12-12,INTC,Intel Remains In Its Investment Phase,"Intel's CEO departure is surprising as the company is on track with its 5 nodes in 4 years roadmap, crucial for regaining competitiveness. The board's decision to replace Pat Gelsinger seems premature, as financial improvements were expected towards the end of the turnaround period (2024-25). Intel's strategy focuses on technological advancements to improve profitability, with significant investments planned until 2025, aiming for manufacturing breakeven by 2027. Reports on 18A yield issues should be dismissed; Intel's defect density metrics indicate progress comparable to TSMC's successful nodes.",-0.021174231544137,-0.018257947638630867,0.018924880772829056,-0.06028752774000168,0.021174231544137,0.46831053495407104,6.011260509490967,5.989158630371094,5.785889625549316,6.042810440063477,0.499079120534738,0.024849494432779926,0.03280317196235538
2024-12-13,INTC,Intel: 2025 Should Be A Better Year,,0.024090450257062912,-0.011205876246094704,0.019067559391260147,-0.0594886913895607,0.024090450257062912,0.4547765851020813,5.944754123687744,5.9418230056762695,5.789457321166992,6.034090995788574,0.4998767047073108,0.024794995813525848,-0.021174230968162955
2024-12-13,INTC,Intel: Take A Deep Breath,"We disagree with the firing of Patrick Gelsinger as Intel Corporation's CEO. Considering that the timeline for delivering a turnaround was 2025 to 2027, the action appears vexing. Patrick Gelsinger is likely to be reinstated as CEO at Intel, in our opinion. Longer-term, given business and industry dynamics, INTC's future appears solid. We are maintaining our $33/share price target and buy rating on INTC's shares.",0.024090450257062912,-0.012843979522585869,0.019067559391260147,-0.05811917036771774,0.024090450257062912,0.4651487469673157,5.925730228424072,5.939611911773682,5.789457321166992,6.034090995788574,0.5005849676808551,0.024794995813525848,-0.021174230968162955
2024-12-18,INTC,Intel Needs Just One Catalyst - Buy,,-0.012435222044587135,-0.009262008592486382,0.019649680703878403,-0.054356612265110016,0.012435222044587135,0.46044033765792847,6.03276252746582,6.062352657318115,5.796428680419922,6.003648281097412,0.501223226459576,0.026702527009770317,-0.05577305612578498
2024-12-19,INTC,Intel: Wait For Future Announcements,"Intel announced the retirement of CEO Pat Gelsinger as the company continues to face big challenges. The massive investment in the foundry segment has not delivered the promised results. The new management at the Company will likely reduce the investment pace for the foundry business or split this business. The next Intel management would need to be AI-focused in order to deliver a successful turnaround and compete with Nvidia and AMD for this lucrative segment. INTC stock is cheap, but investors should wait for the next management to lay out their strategy.",0.02413436584174633,-0.02227858267724514,0.020186856389045715,-0.069413922727108,0.02413436584174633,0.46365153789520264,6.087722301483154,5.69869327545166,5.803773403167725,6.012449264526367,0.48349672029239477,0.026694616452704836,-0.01243522179303036
2025-01-03,INTC,Intel: Recent Leadership Changes Altered My Thesis (Rating Downgrade),"Intel Corporation's former CEO Pat Gelsinger recently retired and was replaced with co-CEOs CFO David Zinsner and Michelle Johnston Holthaus, potentially derailing the promising 5N4Y strategy. Gelsinger was nearing completion of significant technological advancements, including sub-2nm process nodes and High-NA EUV machines, crucial for Intel to regain a competitive edge. The Board's co-CEO decision mirrors past mistakes, focusing on product groups while neglecting the critical foundry segment, risking Intel's future competitiveness. Given the leadership change and increased uncertainty, I downgrade Intel to Strong Sell.",-0.03356024622917175,-0.01672356389462948,0.020724575966596603,-0.060355640947818756,0.03356024622917175,0.4642924666404724,6.113545894622803,5.753880500793457,5.80562686920166,5.977004051208496,0.4848465294055148,0.025513163163638712,0.016815042736590735
2025-01-06,INTC,Intel Stock Needs Time To Consolidate (Technical Analysis),"Technical analysis indicates Intel Corporation stock is in a consolidation phase with no clear directional momentum. Such a technical trading pattern accurately reflects the unevenness in its business fundamentals, in my view. Leadership change creates some opportunities and inventory levels are showing improvement. However, nothing is set in stone yet and the course ahead is likely to continue to be choppy, starting with a potential loss for the full fiscal year ahead.",0.007045766804367304,-0.016901196911931038,0.020817553624510765,-0.05754402279853821,0.007045766804367304,0.4624435603618622,6.150862693786621,5.85062837600708,5.805907726287842,5.976110458374023,0.4874917909768658,0.023841110390324365,-0.03356024536148294
2025-01-07,INTC,Intel: Time To Dump Shares And Not Look Back,"Intel's market share performance in the Client Computing Group, which generates nearly 55% of its revenue and the bulk of its operating income, is deeply concerning. In CCG, Intel has been steadily losing market share for years, and there are no indications that this trend is easing. If anything, Intel's share losses seem to be accelerating. Shareholders likely won't get anything out of Intel anytime soon because the free cash flow pressure on the business is high: consensus estimates expect a cash outflow even in 2026. In conclusion, Intel looks like a big loser. And 2025 may be the time to finally part with any shares investors may still hold.",-0.006496804766356945,-0.017599577084183693,0.021147070452570915,-0.06565164029598236,0.006496804766356945,0.4668142795562744,6.066413879394531,5.866601467132568,5.812593936920166,5.992038726806641,0.4916277484583518,0.02386473545609107,0.007045766670125575
2025-01-08,INTC,Why Intel Is Poised To Thrive As 'King Of The Fabs' Amid Rising Geopolitical Tensions,"Rising U.S.-China tensions and the potential for a Taiwan conflict will boost the onshoring of chip manufacturing in the U.S. and Europe. Chips that power tech in general and the AI revolution, in particular, make avoiding supply chain disruption a strategic issue. Intel’s US/Europe-based fabs make it a key player for a de-globalizing semiconductor industry. Intel's stock market dog status and awful price-performance make it a contrarian value investment with a significant upside.",-0.03672030195593834,-0.008659543469548225,0.02104565128684044,-0.05438440293073654,0.03672030195593834,0.46434706449508667,5.902964115142822,5.9512128829956055,5.8117289543151855,5.995421886444092,0.5020350956401004,0.023875381723990986,-0.00649680492894722
2025-01-14,INTC,Intel Stock: Prioritize Long-Term Thinking (Rating Upgrade),"I believe Intel is now too undervalued despite recent struggles, with long-term potential driven by AI advancements and cost-cutting measures. Intel's Q3 FY2024 results were disappointing, but the market's pessimism offers a buying opportunity for long-term investors. Intel's AI-specific PCs and new Xeon 6P CPUs should boost revenues and likely profitability, aiding its turnaround plan. I think the market is too pessimistic about Intel's role in the AI-driven future. The upside to today's EPS projections may be massive, making INTC quite cheap in the next 2-3 years. Prioritizing long-term thinking in this kind of situation is crucial, so I'm thinking of starting to build a long position in INTC stock shortly.",0.0270832572132349,-0.016956394538283348,0.02074102871119976,-0.06998718529939651,0.0270832572132349,0.46590518951416016,5.962043285369873,5.837551593780518,5.807021141052246,5.989643096923828,0.4947247472110115,0.022870346384088688,0.0
2025-01-15,INTC,Intel Could Dominate GPU Space With The Right Plan,"Intel is currently struggling, while AMD has risen to prominence under Lisa Su's leadership. INTC needs strong leadership and a clear vision to turn things around and thrive again. The company is having success in the low-end GPU sector. Intel could turn things around through a combination of CPU, GPU, and Foundry.",-0.0025354584213346243,-0.013363657519221306,0.020707471296191216,-0.061850517988204956,0.0025354584213346243,0.46004924178123474,5.982211589813232,5.902658462524414,5.805060863494873,5.983092308044434,0.4966531763940421,0.0234670422974644,0.027083256757924667
2025-01-16,INTC,Intel's Big Day,,0.09252667427062988,-0.0031185373663902283,0.02074781432747841,-0.037956275045871735,0.09252667427062988,0.4582270681858063,5.846019744873047,5.967984676361084,5.805602550506592,5.982384204864502,0.505161879373763,0.022694418795495774,-0.0025354583570744715
2025-01-21,INTC,"Intel Takeover: Analyzing The Odds, The Players, And The Price",,0.004134136252105236,-0.005828069522976875,0.02119872346520424,-0.04359005391597748,0.004134136252105236,0.47189241647720337,5.986083030700684,6.069639205932617,5.820380210876465,6.027896404266357,0.5034654155757267,0.027506578334890546,0.013029348051544432
2025-01-21,INTC,Intel Gets The Elon Musk Premium; Buyout Outcomes Discussed,"Intel's stock surged over 9% on rumors of a potential buyout involving Elon Musk, suggesting a 20%-30% premium over book value. A Musk-led buyout could boost investor confidence, drive strategic shifts towards AI, and integrate Intel into Musk's ecosystem, enhancing its market position. Potential buyout scenarios include a full acquisition, sale of parts, or a new CEO turnaround, each offering different benefits and challenges. Despite expected volatility, Intel's stock remains undervalued with significant upside potential, making it a Buy recommendation.",0.004134136252105236,-0.012357184663414955,0.02119872346520424,-0.07030736654996872,0.004134136252105236,0.45697203278541565,5.945457935333252,5.796441078186035,5.820380210876465,6.027896404266357,0.4936544822529716,0.027506578334890546,0.013029348051544432
2025-01-21,INTC,Intel: No Easy Path,"Intel faces significant challenges, including a CEO replacement, lagging AI chip development, and a struggling foundry business, leading to a bearish long-term outlook. Buyout rumors involving GlobalFoundries, Qualcomm, and Elon Musk offer potential short-term trading opportunities, but regulatory and financial hurdles make a deal complex. The chip giant has a weak balance sheet with massive net debt, and underperformance in AI GPU and data center CPU markets limiting growth prospects and investor confidence. The only plausible short-term upside is an unlikely buyout; otherwise, Intel will face continued financial pressure and potential new lows.",0.004134136252105236,-0.026363486424088478,0.02119872346520424,-0.07732455432415009,0.004134136252105236,0.4607897996902466,6.153027534484863,5.717319011688232,5.820380210876465,6.027896404266357,0.48164718607402146,0.027506578334890546,0.013029348051544432
2025-01-21,INTC,Why I'm Buying The Intel Acquisition Rumors,"Intel's market cap has stagnated for 30 years, but deep value exists due to its core CPU segment and potential for a turnaround. The CPU market remains profitable with limited competition, and any improvement in Intel's other businesses could create significant value. Whether the M&A happens or not, this could have strategic changes or management shake-ups at Intel that benefit shareholders. Despite risks, I consider Intel a speculative buy for a small portion of my portfolio, given its current undervaluation and potential upside.",0.004134136252105236,-0.013855064287781715,0.02119872346520424,-0.06854277849197388,0.004134136252105236,0.46184301376342773,5.998976230621338,5.930394649505615,5.820380210876465,6.027896404266357,0.49712551559483464,0.027506578334890546,0.013029348051544432
2025-01-22,INTC,Intel: Misses AI Boom And No Hyperscaler To Buy The Company,"Intel Corporation struggles to capitalize on AI growth due to its weaker CPU performance compared to GPUs and declining market share against AMD. Intel's venture into the GPU market has failed, and its server GPUs remain unproven, limiting its AI growth opportunities. Late adoption of ASML's EUV technology has hurt Intel's production capabilities, leading to delays and loss of market share. Intel's uncertain future and potential government support make INTC stock a speculative buy with a 13% upside, but significant risks remain.",-0.013266281224787235,-0.025689756497740746,0.020910311490297318,-0.07783191651105881,0.013266281224787235,0.46276137232780457,6.114500522613525,5.786026477813721,5.814454078674316,6.045706748962402,0.48619918072582063,0.027157072087436833,0.004134136458219029
2025-01-27,INTC,Intel's Stock Looks Significantly Overvalued,"Intel's share price dropped 7% while the S&P 500 grew 6.8% since my previous bearish call, highlighting Intel's fundamental weaknesses and overvaluation. The sudden retirement of CEO Pat Gelsinger raises doubts about Intel's strategic direction and ability to manage current challenges. Intel's fair share price is $6.31, indicating significant overvaluation; unfairly aggressive DCF assumptions are needed to justify the current share price.",-0.024149909615516663,-0.025635605677962303,0.019876893609762192,-0.08015614002943039,0.024149909615516663,0.4679734706878662,6.134377956390381,5.586615562438965,5.798452377319336,6.013230800628662,0.47663327801212374,0.028270579775373585,-0.025924100343569956
2025-01-28,INTC,Where Intel Might Be Heading Financially,"Intel faces uncertainty after CEO Pat Gelsinger's forced retirement, raising questions about its future and potential split from the unprofitable fabrication business. Senior analyst Alvin Nguyen highlights the necessary synergy between Intel's foundry capabilities and product development, which is currently lacking. Gelsinger aimed to develop both sides simultaneously, creating a significant financial advantage, but recent competition seems poised to add fuzziness to the story. Intel's future direction remains unclear, but there are promising clues worth exploring to understand its potential investment trajectory.",-0.0025252141058444977,-0.01681569032371044,0.020121779292821884,-0.071408711373806,0.0025252141058444977,0.46544864773750305,5.9937424659729,5.9239959716796875,5.802579402923584,6.018748760223389,0.4970738368416506,0.02877842251043196,-0.02414990913538173
2025-01-28,INTC,Intel: Hoping For A Buyout Isn't An Investment Strategy,"China's DeepSeek has forced a serious rethink of doubling down on AI chips. Intel's struggles in the AI chips race could get a respite if the hype on accelerated computing dies off due to DeepSeek's """"revelation."""" Rumors of Elon Musk's interest and capability in acquiring Intel now seems like a long shot, if anything. Analysts see Intel's performance bottomed out in 2024, suggesting sunnier days ahead. I argue why investors should remain cautious about Intel's fundamental thesis and not return because of a possible buyout rumor.",-0.0025252141058444977,-0.015922250226140022,0.020121779292821884,-0.06503467261791229,0.0025252141058444977,0.461710125207901,5.95897912979126,5.860739231109619,5.802579402923584,6.018748760223389,0.4958442369063714,0.02877842251043196,-0.02414990913538173
2025-01-28,INTC,AMD Vs Intel: Battle For CPU Dominance,"AMD and Intel are fiercely competing in the x86 CPU market, with AMD gaining market share in 2024 despite Intel's performance improvements.
         Intel's Arrow Lake CPUs show superior performance in PCs, but AMD's Turin CPUs lead in servers, with AMD expected to maintain its market share.
         The rise of Arm-based CPUs from companies like Apple and Qualcomm poses a significant threat to x86 CPU market growth for both AMD and Intel.
         We rate both AMD and Intel as Strong Buy due to their attractive valuations and positive prospects despite the growing competition from Arm-based processors.",-0.0025252141058444977,-0.014002213254570961,0.020121779292821884,-0.06616520136594772,0.0025252141058444977,0.4639047682285309,5.872979164123535,5.788883686065674,5.802579402923584,6.018748760223389,0.49639442346650947,0.02877842251043196,-0.02414990913538173
2025-01-30,INTC,Intel Earnings: A Golden Opportunity,,-0.02898550219833851,-0.013942984864115715,0.020246777683496475,-0.06719983369112015,0.02898550219833851,0.4652647376060486,5.9719390869140625,5.973324775695801,5.80583381652832,6.024270057678223,0.5000580015978163,0.028399465564416464,0.013164568550979139
2025-01-30,INTC,Intel: The Empire Strikes Back,"Intel Corporation's Q4 earnings showed weak results year-over-year (as expected) but significant sequential improvement, supporting our view that the turnaround is underway. It was a great print overall. Margins improved sequentially, with adjusted gross margins approaching 40%, driven by cost cuts and efficiencies, though still down from last year. Segment performance showed positive trends in each segment, but data center and AI was only modestly better than Q3. The Q1 outlook is a bit light, but we have argued the true inflection would take place after Q1 2025. INTC shares are up right now, but we think a new CEO has a massive opportunity to really take the company meaningfully into the future.",-0.02898550219833851,-0.016688799485564232,0.020246777683496475,-0.061708129942417145,0.02898550219833851,0.4627687335014343,5.949618339538574,5.708377838134766,5.80583381652832,6.024270057678223,0.48965343195656574,0.028399465564416464,0.013164568550979139
2025-01-31,INTC,Intel: Too Early To Bet On A Turnaround,"I believe Intel lacks a clear strategy to regain data center and AI market share. Interim leadership likely won’t drive significant changes until a permanent CEO is appointed. Q4 and FY 2024 results were a mixed bag. Intel exceeded EPS and revenue expectations for Q4 2024 but provided guidance for Q1 2025 that fell short of analysts' expectations. INTC reported a record net loss in Q3 2024 due to impairments, restructuring costs, and deferred tax asset valuation allowances, which the market viewed positively. I find Intel's valuation appealing, trading significantly below AMD, ARM, and TSMC on valuation metrics like EV/EBITDA and P/CF. However, Intel needs a strong narrative. I suggest holding until the new CEO outlines a clear turnaround plan, as AMD and ARM continue to outperform Intel in the data center segment.",-0.002573399106040597,-0.023023242130875587,0.020323537290096283,-0.06797654181718826,0.002573399106040597,0.45929479598999023,5.956717491149902,5.611104965209961,5.807699203491211,6.039018154144287,0.4850614699851787,0.029033753235834996,-0.028985503102038956
2025-01-31,INTC,Intel Q4: Can They Turn It Around?,"Intel Corporation faces significant challenges, including shrinking market share and revenue, but has a solid turnaround plan addressing core issues. The plan includes new manufacturing projects, a foundry business spin-off, and partnerships with AWS to regain technology leadership. Despite recent losses, Intel's financial strength, with $24B in cash and strategic investments, supports its recovery efforts. INTC investors should brace for volatility as Intel navigates fierce competition and executes its turnaround strategy.",-0.002573399106040597,-0.014327364042401314,0.020323537290096283,-0.05958451330661774,0.002573399106040597,0.46094220876693726,5.986224174499512,5.835843563079834,5.807699203491211,6.039018154144287,0.4936398346398133,0.029033753235834996,-0.028985503102038956
2025-01-31,INTC,"Intel Q4: There's No Good News Here, Sell Now","Intel Corporation has underperformed the S&P500 since my last 'Sell' update on the stock, and Q4 FY2024 results provide fresh reasons to remain bearish. INTC delivered weak revenue guidance that has become a norm. Q1 FY2025 revenues are expected to fall 11-18% QoQ due to seasonality but also a whole litany of other reasons. Intel's data center business' outlook is hit with the rude shock of cancellations and further delays of long-awaited product launches. The Panther Lake CPU launch is a positive catalyst to look out for in H2 FY2025. Also, keep on eye on the bleeding FCF trends every quarter. INTC stock is trading near fair value on a 1-yr fwd P/E basis, and the long-term technicals remain firmly bearish.",-0.002573399106040597,-0.024028701707720757,0.020323537290096283,-0.07405290752649307,0.002573399106040597,0.46303537487983704,6.1507487297058105,5.603124618530273,5.807699203491211,6.039018154144287,0.47670452560820414,0.029033753235834996,-0.028985503102038956
2025-02-03,INTC,Intel: Don't Be Fooled Into Buying The Fallen Leader,,-0.004643872380256653,-0.006241137161850929,0.02041093446314335,-0.054109349846839905,0.004643872380256653,0.4554816782474518,5.9219231605529785,5.96213960647583,5.806690692901611,6.056666851043701,0.5016920327126437,0.028945301365767735,-0.0025733990542378127
2025-02-03,INTC,Intel: New Leadership Not A Magic Fix,,-0.004643872380256653,-0.00901840440928936,0.02041093446314335,-0.048262208700180054,0.004643872380256653,0.47070494294166565,6.000823497772217,5.771734714508057,5.806690692901611,6.056666851043701,0.4902702208333032,0.028945301365767735,-0.0025733990542378127
2025-02-03,INTC,Intel: 2025 Estimates Crushed As Company Refuses To Participate In AI Bubble,,-0.004643872380256653,-0.009846141561865807,0.02041093446314335,-0.051354579627513885,0.004643872380256653,0.4585669934749603,6.097199440002441,6.006547451019287,5.806690692901611,6.056666851043701,0.49625520965530967,0.028945301365767735,-0.0025733990542378127
2025-02-03,INTC,Intel: Excessive Safety Margin,,-0.004643872380256653,-0.00633004866540432,0.02041093446314335,-0.04578087478876114,0.004643872380256653,0.47070494294166565,5.974014759063721,5.933441162109375,5.806690692901611,6.056666851043701,0.49829629447197044,0.028945301365767735,-0.0025733990542378127
2025-02-04,INTC,Intel: AI Dominance Is A Post-2027 Aspiration,"Intel's Q4 results were better than expected, but still showed declines in revenue and margins, highlighting competitive pressures and market challenges. The company's 2025 outlook is focused on damage control, with significant improvements not expected until 2026-2027, particularly in the foundry business. Intel's product timeline is being rationalized to align with production capabilities, but delays and high execution risks persist, especially in AI and consumer chips. Given the uncertainties and extended turnaround timeline, I maintain a hold rating for Intel stock, with a stronger buy case at or below $15.",0.018662450835108757,-0.01330643706023693,0.019956903532147408,-0.057084135711193085,0.018662450835108757,0.4662679433822632,5.977187156677246,5.851400852203369,5.7987236976623535,6.0499114990234375,0.4946829535198779,0.02861748927099955,-0.004643872504465962
2025-02-04,INTC,"Intel: Attractive Price, But Needs Caution","Over the last three years, my Sell rating for Intel stock has been spot on as the company faced massive challenges in the foundry business. With the recent change in management and better-than-expected numbers in the earnings, I am upgrading the stock to a Hold. The most important factor for Intel’s future performance will be the choice of the next senior management. Intel’s ambitious 18A node chips are stuck at 10% yield and are also trailing TSM’s upcoming 2nm technology. The stock has been beaten down over the last few years, but it is showing signs of improvement which can deliver better sentiment towards the stock.",0.018662450835108757,-0.013447100296616554,0.019956903532147408,-0.06251058727502823,0.018662450835108757,0.4616093039512634,5.93846321105957,5.835859298706055,5.7987236976623535,6.0499114990234375,0.4956428952804118,0.02861748927099955,-0.004643872504465962
2025-02-04,INTC,Intel Corp. Is Now A 'Show Me' Story,"Intel has entered a transitionary period as the interim co-CEOs emphasized the drive for an improved the cost structure and profitability. Intel faces challenges in AI compute and data centers as it cancels the release of Falcon Shores, missing out on cloud services business. Despite the technical challenges, Intel can potentially capitalize on private cloud and edge AI markets with its affordable AI chips. Intel is planning to move forward with the sale of Altera in q1'25, potentially raising capital to deleverage the balance sheet.",0.018662450835108757,-0.012776779010891914,0.019956903532147408,-0.04942167550325394,0.018662450835108757,0.4657822549343109,6.011241912841797,5.914737224578857,5.7987236976623535,6.0499114990234375,0.4959540140414499,0.02861748927099955,-0.004643872504465962
2025-02-04,INTC,Intel Stock Is At A Pivotal Moment (Technical Analysis),"Our methodology projects via probabilities, providing clear parameters for validation or revision of our scenario for Intel Corporation. The larger structure of price on the Intel stock chart suggests a bearish context. Markets are emotional and irrational; our methodology ranks probabilistic movements, allowing quick adjustments when patterns break in stocks like INTC. Our system offers consistent reliability, keeping us on the right side of trades more often than not. Consider studying this further.",0.018662450835108757,-0.009591592475771904,0.019956903532147408,-0.05464565008878708,0.018662450835108757,0.46338164806365967,5.769794464111328,5.901307106018066,5.7987236976623535,6.0499114990234375,0.505634114359964,0.02861748927099955,-0.004643872504465962
2025-02-04,INTC,Intel: Almost Time To Buy,,0.018662450835108757,-0.0061528030782938,0.019956903532147408,-0.043382398784160614,0.018662450835108757,0.46273985505104065,5.884954452514648,5.958716869354248,5.7987236976623535,6.0499114990234375,0.5031140013444309,0.02861748927099955,-0.004643872504465962
2025-02-05,INTC,Intel Stays On Track For 2025,"Intel's Panther Lake node, launching in 2H 2025, aims to surpass Taiwan Semiconductor's 2nm, potentially boosting Intel's competitive edge and shareholder returns. Despite a 7% YoY revenue drop, Intel's $14 billion revenue exceeded expectations, showing resilience amid its transition phase. Intel's foundry business, though currently loss-making, is crucial for future growth, with breakeven expected by 2027. Intel must demonstrate consistent execution and profitability to justify its valuation and sustain long-term investment appeal.",-0.013740481808781624,-0.020648395642638206,0.019517455250024796,-0.07474774867296219,0.013740481808781624,0.4553357660770416,5.955471038818359,5.734306335449219,5.793064594268799,6.027584075927734,0.49054025169645377,0.028040218798263215,0.018662451317622786
2025-02-05,INTC,Intel: Future Is Still Bright But It Will Be A Long Ride,"Overall, it was a good yearly result for Intel, considering the continued glut of traditional semiconductor segments with limited exposure to AI. Intel Products' CCG surprisingly delivered a revenue decline YoY due to competition. This is disturbing as this segment will face more competition this year from new entrants. While Intel Foundry is the future growth driver, it will take time because of the long product cycle and experience curve associated with 18A. At Intel's current price of around $19 per share, you are buying it at half the intrinsic value of the Product team and everything else for free.",-0.013740481808781624,-0.017674779519438744,0.019517455250024796,-0.056885361671447754,0.013740481808781624,0.4633634090423584,6.0018534660339355,5.939632415771484,5.793064594268799,6.027584075927734,0.49739475259279714,0.028040218798263215,0.018662451317622786
2025-02-06,INTC,Intel Q4: 18A Products Can Mark Its Turning Point,"A few new catalysts have fundamentally shifted INTC stock’s return/risk curve since my last writing. First, its Q4 earnings are far better than I expected/feared, dramatically reducing my concerns over its financial resources. Second, the progress with its 18A products could be a pivotal moment for Intel’s multi-year turnaround plan. I see good odds for volume production in 2025, which should further strengthen its profits and also AI products.",-0.014447822235524654,-0.01278730295598507,0.019544923678040504,-0.061720140278339386,0.014447822235524654,0.4591401517391205,5.941688060760498,5.78359842300415,5.793935775756836,6.015354633331299,0.4932586023387901,0.028142805747459348,-0.01374048157787533
2025-02-06,INTC,Intel Q4: Too Early To Bet On A 2026 Turnaround,"Despite beating 4Q FY2024 revenue and non-GAAP EPS estimates, Intel's muted price action reflects a gloomy 1Q FY2025 outlook, with a fourth consecutive YoY revenue decline. Some PC demand was pulled forward in 4Q due to potential Trump-era tariffs, which could pressure 1Q revenue while operating cost reductions will not contribute until later. Optimism remains for Intel's FY2026 roadmap, with higher gross margin 18A chips and reduced operating expenses expected, which can re-accelerate growth and profitability. The company's limited capex can alleviate FCF decline, but it may be challenging to catch the industry amidst the AI race. The stock is trading below its book value but remains a value trap due to the lack of near-term catalysts and updates on its CEO succession plan.",-0.014447822235524654,-0.017291581258177757,0.019544923678040504,-0.05605607479810715,0.014447822235524654,0.4622567892074585,6.003686904907227,5.864584922790527,5.793935775756836,6.015354633331299,0.49413975412186567,0.028142805747459348,-0.01374048157787533
2025-02-06,INTC,Intel's Stock Faces A Make-Or-Break Moment,"Intel reported $14.3B in revenue, a 7% sequential increase driven by Client Computing and Edge gains. Intel projects an 11-18% revenue decline, forecasting $11.7B to $12.7B due to seasonal weakness and competition. Intel Foundry posted a $2.3B operating loss in Q4, with breakeven targeted by the end of CY27. Clearwater Forest delayed to H1 2026, hindering data center competitiveness against AMD and Nvidia. Gross margin improvements expected from EUV wafer growth, but product mix pressures may offset gains in 2025.",-0.014447822235524654,-0.02685060165822506,0.019544923678040504,-0.06697949767112732,0.014447822235524654,0.4640359878540039,6.07285213470459,5.437649250030518,5.793935775756836,6.015354633331299,0.4724076795856432,0.028142805747459348,-0.01374048157787533
2025-02-10,INTC,Intel: It's Time To Let Go,"Intel has lost 65% in value since 2021 and has suspended its dividend. Intel's core x86 CPU business is losing market share to AMD, while Intel's gross margin is also far behind its peers. Intel's new leadership faces urgent decisions to avoid falling further behind competitors like AMD, NVIDIA, and TSMC in key growth markets. Intel is betting it all on its 18A node to recapture technology leadership with the launch of its Panther lake CPU in H2 2025 and the hope to rival TSMC.",0.06069796904921532,-0.020643604919314384,0.019870063289999962,-0.06383455544710159,0.06069796904921532,0.4630240201950073,6.084646701812744,5.857816696166992,5.798368453979492,5.9924139976501465,0.49050321537158303,0.028144914497207733,0.035078537325264225
2025-02-11,INTC,Why Investors Should Not Buy Intel Stock (Rating Downgrade),"Intel's technicals are currently net bearish as the chart and moving averages show that further weakness is likely. Recent earnings show weak results in absolute terms, but revenue growth, despite being negative, is at above-average levels. The P/S ratio more than compensates for the overall weak financials as it is at rock bottom levels, showing undervaluation. As Warren Buffett once stated, a cheap price for a mediocre business may not be a good deal and I believe Intel is a good example of that currently. Due to the bearish technicals but low valuation, I downgrade Intel to a hold rating.",0.07200764119625092,-0.017982667312026024,0.02016182616353035,-0.0690385028719902,0.07200764119625092,0.46613171696662903,5.995185375213623,5.775379657745361,5.803250789642334,5.996836185455322,0.4906629071393871,0.031061619887153825,0.06069796802253391
2025-02-12,INTC,Intel: Poised To Rise From The Ashes,"Intel's 4Q24 earnings showed a 7% YoY sales drop, but Network and Edge grew 10% YoY, indicating potential for future growth. Despite a small profit beat, Intel faces challenges in 2025 unless it makes strategic business decisions, possibly divesting parts of its portfolio. New high-performance CPUs and AI microchips could drive Intel's growth in 2025, with Panther Lake launches potentially boosting sales. Intel's valuation is attractive with a low profit multiple and significant re-rating potential, making it an interesting investment despite current challenges.",0.07339856028556824,-0.015338892117142677,0.02072119154036045,-0.06734751909971237,0.07339856028556824,0.46196529269218445,6.011507034301758,5.811142444610596,5.813226222991943,6.037844657897949,0.4915262399494492,0.034455944451257554,0.07200764322010311
2025-02-18,INTC,Intel: Don't Risk Your Money On These Uncertain Moves,"Intel's market cap has significantly declined due to loss of market share, revenue, and margin deterioration, making it a less attractive investment in the semiconductor industry. Potential M&A deals could unlock value, but the outcomes are uncertain and depend on deal structure, regulatory risks, and execution. Intel's turnaround relies heavily on execution, technological advancements, and government support, but the high uncertainty and opportunity cost make it a risky bet. Despite potential upside, I rate Intel stock as hold due to management execution concerns and more compelling alternatives like Nvidia, AMD, and TSMC.",-0.06097116321325302,-0.018502620980143547,0.02122214064002037,-0.07758616656064987,0.06097116321325302,0.46288779377937317,5.99818754196167,5.826796054840088,5.725071907043457,6.21175479888916,0.4927529926058873,0.047493844802224586,0.16059317571683396
2025-02-18,INTC,TMSC And Intel: Just The Beginning Of A New Onshoring Reality,Intel's stock is up 18% since my January 8th tip and there's further upside. The US can't rely on adversaries for critical tech. The government encouraging chip onshoring with $30bn of incentives underlines the catalysts which are a boon for Intel. DeepSeek's 'distillation' of OpenAI's models underscores the need for onshore semiconductor production to protect tech and sovereignty. Intel and GlobalFoundries are 'chump change' for giants like Nvidia; $50 per share for Intel is not an unrealistic target.,-0.06097116321325302,-0.00895310752093792,0.02122214064002037,-0.05385635048151016,0.06097116321325302,0.46088123321533203,5.930824279785156,5.8582682609558105,5.725071907043457,6.21175479888916,0.49692274793078434,0.047493844802224586,0.16059317571683396
2025-02-18,INTC,Intel's Takeover Tantrum Is Gathering Speed,"Taiwan Semiconductor is exploring a JV with Intel’s Foundry business, but regulatory approvals and feasibility studies are still pending. Broadcom is interested in acquiring INTC’s design assets, which aligns with its strategic goals and could streamline Intel’s business. All deals and potential joint venture plans are still in early stages, but AVGO and TSM's re-involvement is best positioned for Intel's investors. Intel’s valuation remains appealing, but the stock faces pressure without further advancements in acquisition talks, maintaining a 1x book value multiple. I maintain a Hold rating on Intel due to ongoing uncertainty despite takeover rumors and potential joint ventures with TSMC and Broadcom.",-0.06097116321325302,-0.010893704369664192,0.02122214064002037,-0.05517449229955673,0.06097116321325302,0.46669429540634155,6.033271312713623,5.95233154296875,5.725071907043457,6.21175479888916,0.49662345854770695,0.047493844802224586,0.16059317571683396
2025-02-19,INTC,Downgrading Intel: Duck Before The Punch,,0.014385725371539593,-0.01244889385998249,0.02114875800907612,-0.06252942234277725,0.014385725371539593,0.4676477909088135,5.990067005157471,5.847099781036377,5.637345314025879,6.2479095458984375,0.49396108770348535,0.05030796449398071,-0.06097116150083215
2025-02-20,INTC,Intel Stock: Elemental Analysis Of An Acquisition (Rating Upgrade),,-0.04676118493080139,-0.009069802239537239,0.019726978614926338,-0.04192568361759186,0.04676118493080139,0.47992879152297974,5.96068000793457,5.837098598480225,5.602046489715576,6.218729019165039,0.4947625136231943,0.05030251302918113,0.014385725082087575
2025-02-24,INTC,Intel: Renewed AI Opportunities May Prompt A Solid GARP Play,"Intel has lost the AI chip race with zero GPU market share in 2024. The chip manufacturing capability could make INTC recover. The increasing global AI race and geopolitical conflict call for solid US footing for AI chip manufacture. INTC is the only one available in the US and positioned well. If INTC can grab these opportunities, regroup, and refocus, it could significantly outperform expectations. I start a buy rating, considering the bar is set very low for INTC to beat in the foreseeable future, and INTC may turn into solid GARP play.",-0.052740033715963364,-0.01932455413043499,0.017156068235635757,-0.06837504357099533,0.052740033715963364,0.45555686950683594,5.921432971954346,5.805179119110107,5.636936187744141,6.152042388916016,0.49504316114737806,0.051264247201796065,-0.02412546687667183
2025-02-28,INTC,"Intel: Battling Declining Profits, But Long-Term Bet Remains",,-0.041719332337379456,-0.012187192216515541,0.0178165752440691,-0.054881103336811066,0.041719332337379456,0.4590737223625183,6.0302653312683105,5.935620307922363,5.760585784912109,6.060900688171387,0.4960452144454332,0.05259311478009532,0.02771760006145807
2025-03-03,INTC,Intel: There Is No Reason For The Stock To Rise And For You To Buy,"Intel stock has experienced significant volatility, dropping from $62 in mid-2021 to $18.90 in September 2024, despite broader semiconductor gains. In 2025, INTC is up 15.8% year-to-date, driven by takeover rumors involving Broadcom and TSMC. Potential takeovers, especially by TSMC, face significant approval challenges, making them unlikely to materialize. The rally is not justified by JD Vance's statements or unconfirmed takeover rumors; INTC needs new leadership and a better market environment. Until there is no significant reason to think that INTC's core problems will be solved, INTC is a sell.",-0.06200527027249336,-0.0168271753937006,0.018470577895641327,-0.06547969579696655,0.06200527027249336,0.45792773365974426,5.972858428955078,5.920236587524414,5.772436141967773,6.065174102783203,0.4977877145789744,0.05316159855118116,-0.04171933376383308
2025-03-04,INTC,"Intel: 18A Is Now Ready For Customer Project, Reiterate Buy",,-0.024378830567002296,-0.007819710299372673,0.019463807344436646,-0.051918745040893555,0.024378830567002296,0.45815399289131165,5.953635215759277,5.91621732711792,5.779969215393066,6.090420722961426,0.49842382672795676,0.055464403961478,-0.062005270958838565
2025-03-10,INTC,Intel: CHIPS Act Uncertainty Calls For Hedging,,-0.0075263227336108685,-0.011117612943053246,0.018578294664621353,-0.052715376019477844,0.0075263227336108685,0.4651924967765808,5.998703956604004,5.956167221069336,5.765597820281982,6.080003261566162,0.49822094546635076,0.05620107510504953,-0.03439918146648513
2025-03-12,INTC,Intel's Back On The Market: Market Cap Of $87.42B Is Too Low -- Upgrading To Buy,"Our sell call played out well, with Intel Corporation crashing as much as 25% since we said to step out in February. Now, we're revisiting the stock and upgrading to a buy. Intel Corporation now makes for an attractive takeover candidate and could see potential gains on PC Client TAM expansion, although tariff risks remain. News broke this morning on a joint venture led by TSMC and involving Qualcomm, Nvidia, AMD, and Broadcom, that would strategically give TSMC less than 50% stake of Intel's foundry business. We think INT stock's risk-reward profile is more favorable at current levels.",0.146034836769104,-0.01484001986682415,0.018782958388328552,-0.06438596546649933,0.146034836769104,0.4649062156677246,5.956667423248291,5.915619850158691,5.780354022979736,6.047921657562256,0.49827128622542094,0.05499785101092873,0.04550048469603496
2025-03-13,INTC,Nvidia Could Be Joining Intel After All,"Intel's investment thesis hinges on the strategic importance of semiconductor production for future economies and warfare, driving U.S. efforts to boost domestic production. Intel's struggles stem from past leadership decisions, with AMD and Nvidia eroding its market share and high fab costs necessitating external assistance. A potential joint venture with AMD, Nvidia, Qualcomm, Broadcom, and TSMC could revitalize Intel, offering vertical integration benefits and increased market share. Investing in Intel is moderately risky; success hinges on the joint venture rumor and Intel's ability to address its consumer and server CPU market challenges.",0.014767867513000965,-0.019725119695067406,0.019343797117471695,-0.06795020401477814,0.014767867513000965,0.46365803480148315,6.032418251037598,5.699141025543213,5.789262294769287,6.0637383460998535,0.48579569784211624,0.06208521800670759,0.14603483622811297
2025-03-13,INTC,Intel Hired A New CEO - The Hard Part Begins (Again),"Intel's new CEO, Lip-Bu Tan, must address the company's cash burn and stabilize margins, particularly in the Foundry business, to deliver shareholder value. Tan's extensive semiconductor experience and strategic vision offer potential, but significant challenges remain, particularly in resolving the Intel Design vs. Intel Fab debate. A potential joint venture with Taiwan Semiconductor is still on the cards & could unlock shareholder value, but clarity on Tan's stance and execution is needed. Despite trading at a discount to its book value, Intel's risks and uncertainties justify a Hold rating for cautious investors.",0.014767867513000965,-0.019796384498476982,0.019343797117471695,-0.0758785828948021,0.014767867513000965,0.4663947820663452,6.051323890686035,5.918551445007324,5.789262294769287,6.0637383460998535,0.49445389187622607,0.06208521800670759,0.14603483622811297
2025-03-14,INTC,Intel: Is Lip-Bu Tan The Right Man?,"Intel stock surged after Lip-Bu Tan was announced as the new CEO, given his semiconductor expertise and venture capital experience. Intel trades below book value, presenting a buying opportunity if Tan successfully focuses on cost-cutting and efficiency improvements. Key areas for Intel's recovery include increasing profit margins, providing clear Foundry guidance, and gaining market share in AI inference. With a capable new CEO and potential strategic partnerships, Intel has an upside potential with a 15% margin of safety at current prices.",0.06819132715463638,-0.012072188779711723,0.020211588591337204,-0.06121314316987991,0.06819132715463638,0.45963484048843384,5.9695563316345215,5.805276870727539,5.7833781242370605,6.135317325592041,0.49302412789698735,0.060004180761677454,0.014767867630974818
2025-03-17,INTC,Intel's CEO Likely To Reject Foundry JV For Tougher Profits (Rating Upgrade),"Lip-Bu Tan’s CEO role unites broad semiconductor ties with Intel Corporation’s foundry ambition, aiming for Western advanced manufacturing leadership. Amid TSMC JV rumors, Intel’s push to reclaim process dominance shifts away from divestment, leveraging Tan’s track record in innovation. A moderate Buy for INTC stock targets $35 by FY26 (~23% annual return), contingent on cutting bureaucracy, reinvigorating culture, and executing strong foundry plans.",0.008952882140874863,-0.01439913921058178,0.019523631781339645,-0.06626071035861969,0.008952882140874863,0.45849260687828064,5.985268592834473,5.918479919433594,5.760354518890381,6.139482498168945,0.49719463691067395,0.06151993551406451,0.06819132428369734
2025-03-17,INTC,Intel: Poised For Turnaround With New CEO,"Intel's new CEO, Lip-Bu Tan, is driving a disciplined turnaround focused on accountability, execution, and restoring Intel's tech leadership. Intel is executing an ambitious plan to regain semiconductor manufacturing supremacy with breakthroughs like the 18A node, new CPUs, and expanding its foundry business. Intel has ample cash, significant cost-cutting measures, and massive subsidies from governments and private partners, greatly reducing execution risk. Despite positive momentum, Intel faces intense competition, a history of missed deadlines, and ongoing execution risks that could stall or limit the turnaround.",0.008952882140874863,-0.013492466881871223,0.019523631781339645,-0.05641969293355942,0.008952882140874863,0.46318545937538147,6.007906436920166,5.89872407913208,5.760354518890381,6.139482498168945,0.49541506064029284,0.06151993551406451,0.06819132428369734
2025-03-18,INTC,Intel: The Clock Has Started,"Intel shares have lost half their value over five years due to revenue struggles and high expenses, prompting a major turnaround. New CEO Lip-Bu Tan, the former Cadence Design Systems CEO, faces challenges but brings hope to getting Intel back on track. Intel's estimates have declined sharply, putting pressure on management to cut costs and improve cash flow to avoid further financial strain.",-0.06944441795349121,-0.03000439517199993,0.019239984452724457,-0.08617421239614487,0.06944441795349121,0.45841336250305176,6.128391265869141,5.744789123535156,5.741359233856201,6.148986339569092,0.48384585554358794,0.04966010952751522,0.008952881956207692
2025-03-18,INTC,Intel's Hiring Of Lip-Bu Tan: Time To Finish The Job,,-0.06944441795349121,-0.008775616064667702,0.019239984452724457,-0.05428051948547363,0.06944441795349121,0.4540523588657379,5.972967147827148,6.031821250915527,5.741359233856201,6.148986339569092,0.5024512761546691,0.04966010952751522,0.008952881956207692
2025-03-18,INTC,Intel's Turnaround: A Matter Of National Security,"In its core desktop x86 CPU market, Intel is rapidly losing market share to AMD's new Ryzen 9000 Series. The situation is pretty much the same in the laptop x86 CPU market, with significant market share losses to Arm's architecture. On the manufacturing side, the situation is not better. Intel Foundry continues to report significant operating losses and to absorb large amounts of capital. Fab 52 in Arizona is expected to start commercial production with Intel's new 18A manufacturing process by the end of 2025. It is a make-or-break moment. In the event of financial distress, it would not be in the interests of the U.S. Government to let Intel fail, as INTC's manufacturing base is of strategic importance in the midst of rising geopolitical tensions.",-0.06944441795349121,-0.022593876346945763,0.019239984452724457,-0.05927722901105881,0.06944441795349121,0.4624888598918915,6.17143440246582,5.641725063323975,5.741359233856201,6.148986339569092,0.47757969234747033,0.04966010952751522,0.008952881956207692
2025-03-18,INTC,Intel's New CEO Finally Ignites Hope--But Rushing In Now Could Prove Costly,,-0.06944441795349121,-0.009793860837817192,0.019239984452724457,-0.06105966120958328,0.06944441795349121,0.4603991210460663,5.936262130737305,5.84648323059082,5.741359233856201,6.148986339569092,0.4961902384633492,0.04966010952751522,0.008952881956207692
2025-03-18,INTC,Intel: A Foundry Catalyst May Be Ahead,"A potential joint venture between Intel and TSMC, and some of its clients, could help the chipmaker mitigate losses in its foundry business, which lost $13.4B in FY 2024. Intel's restructuring has heavily weighed on its profitability as well as the chipmaker's valuation. IFS is losing money hand over fist, and a strategic deal may be required in order to stop the bleeding for Intel and its shareholders. Intel trades at a bargain valuation of 21X forward earnings, presenting a potential investment opportunity. A strategic solution to Intel's foundry losses could be a significant catalyst for its shares, potentially pushing Intel into a new up-leg.",-0.06944441795349121,-0.01500878669321537,0.019239984452724457,-0.06559831649065018,0.06944441795349121,0.46120578050613403,5.987151145935059,5.914646148681641,5.741359233856201,6.148986339569092,0.4969540315861703,0.04966010952751522,0.008952881956207692
2025-03-19,INTC,"Intel: Bring The Popcorn, This Turnaround Could Be Exciting","Intel's new CEO, Lip-Bu Tan, has a stellar track record and is expected to drive a significant turnaround, making Intel a Strong Buy. INTC's Foundry Services, if successful, could rival TSMC, potentially boosting Intel's market share and valuation significantly. Despite recent struggles, the Company's vertically integrated business model and substantial investments in R&D position it for long-term growth. Intel's valuation suggests a 27% upside by 2026, with potential for further gains if market share increases, presenting a favorable risk/reward scenario.",-0.006633571814745665,-0.016138816252350807,0.018779408186674118,-0.06803222745656967,0.006633571814745665,0.45865684747695923,5.9235639572143555,5.785139560699463,5.728848934173584,6.141920566558838,0.4940888247659488,0.05022597801946046,-0.06944441480564656
2025-03-19,INTC,Intel New CEO Deep Dive: Too Little Too Late,,-0.006633571814745665,-0.005551634356379509,0.018779408186674118,-0.04681416600942612,0.006633571814745665,0.4648875296115875,5.89716911315918,5.825915336608887,5.728848934173584,6.141920566558838,0.49696096292504754,0.05022597801946046,-0.06944441480564656
2025-03-20,INTC,Intel: Don't Expect A Miracle,"Intel Corporation's new CEO, Lip-Bu Tan, has a strong track record, but significant restructuring is needed before potential stock improvement. Despite recent improvements, Intel lags in AI GPUs and faces challenges in its capital-intensive foundry business, requiring strategic decisions and workforce cuts. Revenue expectations for Intel have declined, and the company is not yet competitive in the AI chip market, with key products delayed. INTC stock is likely to struggle in the near term as the new CEO implements disruptive changes, and turnaround takes a significant amount of time to successfully implement.",0.012520916759967804,-0.02304319478571415,0.018571440130472183,-0.06743227690458298,0.012520916759967804,0.46058380603790283,6.041266441345215,5.879337310791016,5.725224494934082,6.137635707855225,0.4932080147146,0.05008371556476891,-0.006633571691278095
2025-03-20,INTC,Intel: A Sum-Of-Parts Valuation Analysis Shows Significant Upside,"Intel, with declining revenues, margins, and asset efficiency, faces significant challenges. Despite restructuring efforts, Intel's financial performance continues to decline, with FY24 revenues down 33% from FY21 and net income turning negative. A sum of parts of three independent units - Intel Products, Intel Foundry, and Architecture Design - points to significant shareholder value, with a potential total market cap of $393 billion. The path forward involves either a successful restructuring or a strategic breakup, both aiming to restore profitability and enhance agility, justifying a buy rating.",0.012520916759967804,-0.030257636681199074,0.018571440130472183,-0.0768437385559082,0.012520916759967804,0.45998644828796387,6.202497482299805,5.475869178771973,5.725224494934082,6.137635707855225,0.46888998587658304,0.05008371556476891,-0.006633571691278095
2025-03-20,INTC,Intel And Crispr: 2 'Bond-Like' Option Trades Yielding 13%+,"Selling put options on Intel and CRISPR Therapeutics could yield high returns with only moderate risk, given their respective market conditions and potential upside. For Intel, selling $22 strike June 20th puts offers a 19.07% annualized yield, with a -19.8% breakeven, supported by strong fundamentals and a new CEO. For CRISPR, selling $30 strike July 18th puts offers a 13.51% annualized yield, with a -29% breakeven, backed by a promising biotech pipeline and recent drug approval. Despite inherent risks in put selling, the large breakeven cushions and potential for high returns make these trades attractive, and we rate INTC a 'Buy' and CRSP a 'Hold'.",0.012520916759967804,-0.012131063267588615,0.018571440130472183,-0.055666930973529816,0.012520916759967804,0.45896682143211365,5.946547031402588,5.82135009765625,5.725224494934082,6.137635707855225,0.49468057324200365,0.05008371556476891,-0.006633571691278095
2025-03-25,INTC,Intel: Why A Break-Up Is Becoming Unavoidable (Downgrade),"Intel faces severe challenges, including missed opportunities in GPUs and AI accelerators, and substantial losses in its Foundry segment. A break-up or spin-off of Intel's Foundry business could be a strategic move to improve profitability and focus on core segments. Intel's new CEO aims to prioritize Foundry and AI chips, but drastic measures are needed to address cash flow and operational issues. Despite Intel's struggles, its long-term profit potential remains, especially if a permanent solution for Foundry is found.",-0.03223143145442009,-0.02320370264351368,0.017900926992297173,-0.06534440070390701,0.03223143145442009,0.4601503014564514,6.0439910888671875,5.900097370147705,5.75866174697876,6.0581889152526855,0.49397636248198307,0.047130454279821016,-0.0008257040042115582
2025-03-26,INTC,Intel: Chasing The Recent Spike Could Be A Big Mistake (Rating Downgrade),"Intel's newly appointed CEO Lip-Bu Tan has driven much optimism back into the beleaguered stock, but many questions remain. Intel's bloated workforce and foundry struggles require Intel to overcome years of poor execution even as its rivals continue advancing. Tan's ability to turn around Intel might hinge on his decision to spin off or keep Intel Foundry. Unless Intel can provide a clear path to recovering its profitability while scaling up its foundry business, the road ahead looks perilous. I argue why INTC's recent outperformance has afforded investors a great opportunity to rotate and get out of the stock. Don't waste the chance.",0.008539741858839989,-0.015890514478087425,0.01809748262166977,-0.0634126141667366,0.008539741858839989,0.46446743607521057,5.906413555145264,5.864377975463867,5.7693095207214355,6.033134937286377,0.49821441151289264,0.04754789154481304,-0.0322314323163172
2025-03-28,INTC,"Intel: New CEO, Same Old Game Plan","Intel appoints Lip-Bu Tan as CEO, continuing Gelsinger's foundry strategy, which I believe is doomed to fail and a red flag for investors.
         Intel's x86 architecture struggles with power efficiency compared to ARM, and the foundry strategy aims to mitigate this disadvantage.
         Intel's 18A process faces delays and won't achieve high volume production until 2026, failing to leap ahead of TSMC's N2 process.
         The combination of Intel Foundry and Products businesses is a prescription for continued losses.",0.0,-0.02216874621808529,0.01913207210600376,-0.05964534729719162,0.0,0.4618391990661621,6.186330795288086,5.771155834197998,5.788589954376221,6.013043403625488,0.4826395389785647,0.04779172890273118,-0.03852674523403099
2025-04-01,INTC,New Intel CEO Lays Out Company Vision,"At Intel’s Vision 2025 conference, CEO Lip-Bu Tan took the stage in the first major appearance in his new role to describe his vision for where he wants the company to go. Building on the basic outline that Gelsinger started, Lip-Bu Tan made it clear that he believes Intel has an essential role to play in new semiconductor products and as a chip manufacturing foundry for both its own chips as well as for other major chip design firms. Intel's continued efforts in chip manufacturing are particularly important and timely, because the company is finally on the verge of regaining a leadership role in advanced process technologies. The last few years have been challenging for Intel, and the uncertainty around the company’s future has arguably had a negative impact on tech industry trends overall. If Lip-Bu Tan can restore confidence in Intel, then that will be an extremely big step forward.",-0.003174589481204748,-0.010083241388201714,0.019946599379181862,-0.05789612978696823,0.003174589481204748,0.4798773229122162,5.888546466827393,5.953917026519775,5.80022668838501,6.009210586547852,0.5027600068063584,0.045043548949070124,-0.029062081638892123
2025-04-01,INTC,Intel: Stuck With Its Foundry Business And The Losses That Come With It,"I reiterate my Hold rating on Intel stock as the foundry segment continues to weigh heavily on profitability, with breakeven likely years away. I admit that I was quite hopeful about the rumored TSMC joint venture, but denials from both TSMC and Nvidia sides dimmed the chances of a joint venture. Essentially, I see the new CEO Lip-Bu Tan continuing Gelsinger's strategy, focusing on making the foundry business a profitable venture in a market dominated by TSMC. That said, I'm not rating Intel as a sell as I see a compelling valuation at these levels, especially for contrarian investors focused on fundamentals over narrative.",-0.003174589481204748,-0.013944519683718681,0.019946599379181862,-0.062128305435180664,0.003174589481204748,0.46748557686805725,5.903848648071289,5.871677398681641,5.80022668838501,6.009210586547852,0.4986339782501896,0.045043548949070124,-0.029062081638892123
2025-04-04,INTC,Intel: Don't Bet On A Quick Turnaround,"Intel’s new CEO recently gave a keynote event in which he discussed the future path for the company. There were some positive aspects of the speech, like the focus on a more innovative culture and reducing the bloated middle management layer. However, a big negative was the emphasis to follow in the footsteps of his predecessor and build a “world-class foundry” which would be a long and an expensive effort. Intel is planning on launching its 18A process node in the second half of this year and using the massive R&D expense to build a more innovative company. Intel stock is trading at 19.3 times the EPS estimate for the fiscal year ending Dec 2026, which is not cheap and makes the stock a Hold at the current price.",-0.014105827547609806,-0.01743135042488575,0.020979685708880424,-0.058455370366573334,0.014105827547609806,0.471012681722641,5.9556427001953125,5.896800518035889,5.815739631652832,6.086676120758057,0.49751771929732136,0.05216515469552549,-0.1150245157647507
2025-04-04,INTC,Why An Intel-TSMC Marriage Makes Sense,,-0.014105827547609806,-0.004417126998305321,0.020979685708880424,-0.046223558485507965,0.014105827547609806,0.46284908056259155,6.055517673492432,5.86411190032959,5.815739631652832,6.086676120758057,0.491970984837306,0.05216515469552549,-0.1150245157647507
2025-04-07,INTC,Intel: A Surprising Tariff Winner,,-0.07358203828334808,-0.00766654871404171,0.021228235214948654,-0.05099306255578995,0.07358203828334808,0.4650733470916748,5.994277000427246,5.921306610107422,5.797537803649902,6.140666961669922,0.49693802701127016,0.051669685919825036,-0.014105827771514479
2025-04-08,INTC,"Intel: New CEO Or Not, It's 18A Or Bust",,0.18753457069396973,-0.005574634298682213,0.020458079874515533,-0.04724050313234329,0.18753457069396973,0.46028369665145874,5.926933288574219,5.736743450164795,5.771356582641602,6.154280662536621,0.49184691745705184,0.05424585509951422,-0.07358204172269156
2025-04-08,INTC,Wall Street Gave Up On Intel - Should You Bet Against The Crowd,"Intel is undergoing a strategic overhaul to regain competitiveness, including splitting its foundry operations and revamping its chip design roadmap. The stock trades at a deep discount, reflecting skepticism that may overlook improving execution and long-term potential. Management is candid about past failures and is now aggressively investing in technology, manufacturing, and structural change. Risks include manufacturing delays, tough competition, and geopolitical instability, but the downside appears limited by tangible assets. Even modest progress could lead to a rerating, offering a compelling opportunity for long-term, risk-tolerant investors.",0.18753457069396973,-0.015937713906168938,0.020458079874515533,-0.07166898995637894,0.18753457069396973,0.46260055899620056,6.0033793449401855,5.887135028839111,5.771356582641602,6.154280662536621,0.495111888668231,0.05424585509951422,-0.07358204172269156
2025-04-10,INTC,Intel: Generational Buying Opportunity Approaches,"Intel's stock remains a """"strong buy"""" due to historically low price-book ratios and limited downside potential, despite recent declines in share prices. Intel's Q4 2024 earnings surpassed estimates, but revenue and net income showed declines, creating a challenging starting point for the new CEO. Comparatively, Intel's price-book ratio is significantly lower than key competitors like AMD, Qualcomm, and Nvidia, highlighting its undervaluation. Technical indicators suggest short-term downside but long-term upside, with strong support around $18.50, making it a favorable risk-reward investment.",-0.007042223121970892,-0.015770884230732918,0.020208032801747322,-0.06734120845794678,0.007042223121970892,0.46028652787208557,5.946506023406982,5.768957138061523,5.716887474060059,6.194124698638916,0.49242245556580333,0.0618795656284054,-0.076637318776416
2025-04-15,INTC,Intel: The Worst May Be Behind This Chip Giant,"The Intel Corporation stock selloff seen since mid-2021 has already priced in most of the bad news. Now, I think there are potential bullish catalysts for recovery. Intel's Q4 FY2024 results showed resilience, with revenue and EPS beating expectations driven by Client Computing Group's performance. The new CEO, Lip-Bu Tan, and strategic moves like asset monetization and reduced CapEx aim to strengthen Intel's turnaround and market positioning. Potential risks include U.S.-China trade tensions and skepticism about profitability, but bullish catalysts like the 18A process and AI PC market support a 40% upside for INTC stock.",-0.031234297901391983,-0.016651419922709465,0.01786685548722744,-0.061544351279735565,0.031234297901391983,0.46198371052742004,5.934882164001465,5.746277809143066,5.719209671020508,6.120326519012451,0.4919269851926953,0.05959214223145068,-0.02264889692606953
2025-04-15,INTC,"Tan Brings The Knife, Intel Stock Will Bring The Gains: Reiterating Buy","Intel Corporation's new CEO is not holding back on cost cuts, announcing the sale of a 51% stake in Altera to Silver Lake on Monday. My call to buy Intel was based on the cost-cutting efforts paying off big time, and INTC stock being extremely undervalued. I'm more sure of this after the news on Altera and after the stock price got super discounted on tariff panic. Intel is undervalued with a market cap under $89 billion; I expect a recovery to the low $30s post-earnings, making it a strong value pick. I hereon share my sentiment on Intel and why I think the stock has upside ahead.",-0.031234297901391983,-0.015041900798678398,0.01786685548722744,-0.056757114827632904,0.031234297901391983,0.4593255817890167,5.945890426635742,5.865610122680664,5.719209671020508,6.120326519012451,0.49660160435920575,0.05959214223145068,-0.02264889692606953
2025-04-15,INTC,Intel Has More Going For It Than You Think,"Focused asset sales and Trump tariffs on imported semiconductors could significantly impact Intel's valuation and future profitability. A foundry asset partnership, with ownership stakes sold to the top chip names in America could net $15-20 billion for Intel, while still keeping a substantial position. Intel's majority ownership in Mobileye, Altera and other assets could raise an extra $15+ billion, if sold outright, reducing debt and slashing non-core operating losses. A net debt-free balance sheet and dramatically improved earnings by 2027 should benefit current Intel buyers at $20 per share.",-0.031234297901391983,-0.016565417870879173,0.01786685548722744,-0.06829164177179337,0.031234297901391983,0.45504316687583923,5.897190570831299,5.834458351135254,5.719209671020508,6.120326519012451,0.49732636818087955,0.05959214223145068,-0.02264889692606953
2025-04-15,INTC,"Intel: Ignore The Tariffs, Buy The Turnaround","I reiterate my buy opinion on Intel, despite recent market and tariff turbulence, with the stock outperforming the S&P 500 and potential JV with TSMC as a catalyst. INTC’s strong core business, economic nationalism trends, and new CEO Lip-bu Tan’s aligned incentives support a potential turnaround and undervaluation. INTC’s valuation is rock bottom, with its CPU business alone justifying a higher market cap, and the foundry business holds significant untapped potential. Risks include US/China tariff escalation, JV etc arrangements still uncertain and potential short-term downturns, but the risk-reward is high, making INTC an attractive speculative buy.",-0.031234297901391983,-0.014661585912108421,0.01786685548722744,-0.05750500410795212,0.031234297901391983,0.46110406517982483,5.954184532165527,5.7621283531188965,5.719209671020508,6.120326519012451,0.49180389850765954,0.05959214223145068,-0.02264889692606953
2025-04-17,INTC,Intel: The Surprise Loser In The Tariff Fallout You Didn't Know About,"Initially, a key beneficiary of the U.S. reciprocal tariffs through Intel Foundry, the chipmaker is now a potential casualty to China's 125% retaliatory levy on American goods. Intel's increasingly dominant China revenue exposure at 29%+, coupled with its limited advanced manufacturing capacity in the U.S. represents an adverse set-up in the escalating tariff standoff. Taken together with its existing plate of operational woes and an uncertain turnaround strategy, Intel risks a further downward re-rate to its valuations.",-0.0047543663531541824,-0.024885965511202812,0.01771852746605873,-0.07169540971517563,0.0047543663531541824,0.46280330419540405,6.153055191040039,5.678255558013916,5.759156703948975,6.059141635894775,0.47993461404667065,0.058247764838381164,-0.015600584721889077
2025-04-21,INTC,Intel: On The Verge Of A Massive Comeback,"Intel has significant growth opportunities due to the rising demand for AI chips and its strategic advantage in producing chips in its own foundries. Despite recent underperformance, Intel's potential collaborations with Nvidia and TSMC indicate a positive turnaround. Given the current price and potential upside driven by the AI revolution, I maintain a BUY rating for Intel.",0.03556263819336891,-0.014725519344210625,0.018148966133594513,-0.06358961015939713,0.03556263819336891,0.4606113135814667,5.935947418212891,5.808560371398926,5.773623943328857,6.04774284362793,0.49457673965154886,0.05802121545717636,-0.0047543661456403985
2025-04-22,INTC,Intel: It's A No-Brainer Under $20 - Upgrading To Strong Buy,"Intel Corporation is cheap under $20, considering the already worst-than-expected outlook for Q1 and market overreaction to the new China policy, depending on chip origin. Intel is now focused on ramping its 3nm at TSMC so it shouldn't be too caught up by the new policy, considering that TSMC is exempt as part of China. Intel should also have PC Client upside in order for 2H25 with Microsoft Windows 10 end of life; remember +50% of Intel's total sales come from Client Computing Group. We're upgrading INTC stock to a strong buy.",0.0553562231361866,-0.01695088855922222,0.018509898334741592,-0.06389283388853073,0.0553562231361866,0.4602803885936737,6.002734661102295,5.840207576751709,5.782610893249512,6.034451961517334,0.49313823030259823,0.058927558299362706,0.035562636457936225
2025-04-24,INTC,Intel Q1 Earnings: Turning A Large Ship Takes Time (Rating Upgrade),"Intel's Q1 results showed a double beat with $0.13 EPS and $12.7b sales, but guidance for Q2 remains weak, causing an after-hours stock drop. New CEO Lip-Bu Tan is driving operational efficiency, restructuring, and divesting assets, including 51% of its stake in Altera. Despite challenges, Intel's Data Center & AI segment grew 8%, though overall sales declined, and the Foundry segment significantly lags behind TSMC. I am upgrading Intel to Hold due to the leadership's focus on efficiency and restructuring, though significant work remains to regain market share and growth.",-0.06700793653726578,-0.01847360096871853,0.019384045153856277,-0.06319152563810349,0.06700793653726578,0.4643917381763458,5.957686901092529,5.781444549560547,5.796166896820068,6.035181999206543,0.49249338197319686,0.06132881001706682,0.04371052024577837
2025-04-25,INTC,Intel: Credit Likely To Be Junk Within Five Quarters,Intel beat estimates but the guidance was once again abysmal. Cash burn is high and the debt is likely to lose IG status at this rate. We tell you what you should look for if this ship is indeed turning around.,0.022942693904042244,-0.016587717458605766,0.0197135116904974,-0.06341053545475006,0.022942693904042244,0.4673926532268524,5.991373062133789,5.858994960784912,5.799105167388916,6.051001071929932,0.4944145995679693,0.0629147829567151,-0.06700793622124324
2025-04-25,INTC,Intel: A New Hope,"Intel Corporation's Q1 2025 earnings beat expectations, but mixed results and a weak Q2 outlook suggest a longer turnaround under the new leadership of CEO Lip-Bu Tan. Despite recent struggles, Intel's data center and AI segments showed growth, and the company is streamlining operations to regain its engineering prowess. The current INTC stock pullback into the high teens may be the last chance to buy shares cheaply, as we believe in Lip-Bu Tan's vision. We expect Intel's performance to improve in H2 2025, driven by restructuring efforts and new product launches like Panther Lake and Intel 18A.",0.022942693904042244,-0.015764819458127022,0.0197135116904974,-0.06642796099185944,0.022942693904042244,0.46528664231300354,5.944331645965576,5.807700157165527,5.799105167388916,6.051001071929932,0.49418689929154913,0.0629147829567151,-0.06700793622124324
2025-04-25,INTC,"Intel: The Worse The Outlook, The Easier The Beat - Reiterating Buy","Intel reported Q2 2025 earnings, and they were NOT good, but didn't change the fact that INTC is a value pick under $20 and can now more easily outperform. Outlook for Q2 trails estimates and gross margins are expected to contract; investors were hoping for more from Tan's first quarter on the throne. It's not Tan's fault; it's tariffs and a lot of catch-up in order for Intel in highly competitive in the PC and data centers markets. Things won't look good in the near term, but the fundamentals point to them looking good into the end of the year; today's Intel is a value pick.",0.022942693904042244,-0.0160964485257864,0.0197135116904974,-0.06695208698511124,0.022942693904042244,0.4630648195743561,5.914783477783203,5.857336044311523,5.799105167388916,6.051001071929932,0.4975600216526491,0.0629147829567151,-0.06700793622124324
2025-04-25,INTC,Intel Will Get Worse Before It Gets Better,"Intel's earnings for Q1 2025 were announced, and INTC stock sold off. This is because the guidance offered was weak, and revised down from previous expectations. However, there are other metrics in which Intel was impressive, and that management is making positive progress towards its goals. Intel stock remains in my portfolio, despite my overall bearish stance on markets, as I still believe in the fix-it narrative.",0.022942693904042244,-0.014710163697600365,0.0197135116904974,-0.06126055866479874,0.022942693904042244,0.46529802680015564,5.952356815338135,5.928196907043457,5.799105167388916,6.051001071929932,0.4989832162346877,0.0629147829567151,-0.06700793622124324
2025-04-28,INTC,Intel's Turnaround Narrative Falters Amid Structural Challenges,"Intel Corporation's Q1 2025 revenue beat expectations, but underlying issues like margin pressure, competitive weaknesses, and operational complexity persist, casting doubt on its turnaround. New CEO Lip-Bu Tan's leadership hasn't reversed Intel's decline; gross margins are expected to drop further in Q2, and free cash flow remains deeply negative. Client Computing and Data Center segments are shrinking, with Intel facing stiff competition from AMD and ARM processors, and the foundry business continues to burn cash. Despite cost-cutting measures, including a 20% workforce reduction, Intel's structural problems remain, making INTC stock turnaround prospects uncertain and speculative.",-0.008288643322885036,-0.023699739947915077,0.01995416358113289,-0.06832241266965866,0.008288643322885036,0.46065348386764526,6.0888566970825195,5.730253219604492,5.7978363037109375,6.080564498901367,0.48482950577468203,0.06276113445628528,0.02294269373192903
2025-04-28,INTC,"Intel Q1: New CEO, New Problems","Intel's Q1 earnings report provided updates on its new CEO Lip-Bu Tan's transformation plan. The plan is aggressive yet concrete in my view, with promise to strengthen INTC’s technology and better position it to compete in the AI arena. The plan requires aggressive CAPEX and OPEX budgeting in the next few years. I am unsure if INTC has the financial resources to fund such budgets with its pressured cash flows, compressed profitability metrics, and sizable debt obligations.",-0.008288643322885036,-0.021277261897921562,0.01995416358113289,-0.07057564705610275,0.008288643322885036,0.4613940119743347,6.127134799957275,5.623673439025879,5.7978363037109375,6.080564498901367,0.47857758586927973,0.06276113445628528,0.02294269373192903
2025-04-28,INTC,Intel: The Buy And Hold Story They Didn't Tell You About,"Intel's Q1 results beat estimates but disappointed with weak Q2 guidance, causing a 5% drop in after-hours trading. Revenue was flat YoY, gross margin shrank, and EPS was $0.13, higher than expected but still concerning. Intel's future is uncertain, requiring a turnaround to regain profitability and competitiveness in a complex, dynamic market. Despite the potential, Intel's deep value case lacks clear triggers, making it more of a speculative bet than a solid investment.",-0.008288643322885036,-0.020793138071894646,0.01995416358113289,-0.07685289531946182,0.008288643322885036,0.465547651052475,5.892495632171631,5.743228912353516,5.7978363037109375,6.080564498901367,0.49358584335475114,0.06276113445628528,0.02294269373192903
2025-04-28,INTC,Intel: It Could Get Worse Before It Gets Better,"Intel's stock remains under pressure after a mixed 1Q FY2025 earnings report and a weak outlook, amidst ongoing trade tensions, including the delay of 18A ramps to 1H 2026. The new CEO's cost cuts, including a 20% workforce reduction, aim to ease profit loss pressure but may widen the gap with peers. Management expects the 1Q pull-forward demand from incoming tariff hikes to add growth pressure in 2Q. The future of the CHIPS Act is uncertain under Trump's administration, which could increase costs for INTC, amid rising tariffs from China and supply chain disruptions. Despite trading persistently below 1x of P/B fwd, INTC's deteriorating fundamentals and cautious outlook make it a value trap, justifying a Hold rating.",-0.008288643322885036,-0.020037641748785973,0.01995416358113289,-0.0658523291349411,0.008288643322885036,0.46572262048721313,6.047125339508057,5.781587600708008,5.7978363037109375,6.080564498901367,0.488775712956131,0.06276113445628528,0.02294269373192903
2025-04-29,INTC,Intel Is Not Dead Money,"Intel’s recent earnings had a poor forward guidance, which led to a correction in the stock. The stock is not dead money, and the new management could deliver a turnaround with a good strategy. Bloomberg mentioned that Intel could lay off around 20% of its current workforce, which could improve some key metrics and make the organization more nimble. Intel has a higher R&D expense compared with Nvidia and AMD, which shows that the company has enough resources, and it needs to be invested more efficiently. Intel’s new CEO needs to show a clear path within the AI business and deal with the issues of the foundry business.",-0.011799398809671402,-0.019021986052393913,0.019543468952178955,-0.06024160981178284,0.011799398809671402,0.4631054103374481,6.066575527191162,5.888044357299805,5.787903785705566,6.079290866851807,0.49253296333897006,0.06276576447703164,-0.008288643315301103
2025-04-30,INTC,Intel: Unlikely To Rebound This Year,,-0.005970190744847059,-0.009096203371882439,0.01904136873781681,-0.05251011997461319,0.005970190744847059,0.45685356855392456,5.924282550811768,5.9085798263549805,5.782496452331543,6.058140277862549,0.4993364781927961,0.06251662676928825,-0.011799398688186802
2025-04-30,INTC,Intel Pushes Foundry Business Forward,"At Intel’s recent Direct Connect conference, new CEO Lip-Bu Tan made it clear that not only do they have no intention of spinning off their chip-making foundry business, but they’re actually doubling down to regain their world-class foundry heritage. The company used the event to update the market on its forthcoming 18A process (which Intel’s products group will use for its Panther Lake line of mobile CPUs to be released later this year) and highlighted numerous technological advancements in both its main process technologies as well as its advanced packaging capabilities. Intel didn't announce any new foundry clients at Direct Connect, but it did make it clear that there’s a new degree of focus on customer service and on delivering what potential clients want. To that end, the company announced a few new variations to both the 18A and 14A process nodes that had previously been introduced.",-0.005970190744847059,-0.012373412027955055,0.01904136873781681,-0.06289968639612198,0.005970190744847059,0.4674679636955261,5.93427038192749,5.761179447174072,5.782496452331543,6.058140277862549,0.49260007364899705,0.06251662676928825,-0.011799398688186802
2025-05-01,INTC,Intel Is A Hold But Patience Is Running Out (Technical Analysis),"Intel remains a hold as Q1 earnings were weak, and Q2 guidance is even more concerning, with revenue declines expected to reaccelerate. Technical analysis shows mixed signals, with potential for a retest of six-month lows, despite some encouraging signs. The P/S ratio indicates undervaluation, but caution is advised, as buying a weak business at a cheap price may not be beneficial. Intel's turnaround has been slow, and without near-term improvement, confidence in the stock will further diminish.",0.03203209862112999,-0.02171838842332363,0.01889180764555931,-0.0714108869433403,0.03203209862112999,0.4652014672756195,6.108429431915283,5.804449558258057,5.783463954925537,6.038299560546875,0.4872415444701089,0.06252058116913396,-0.005970190893330951
2025-05-02,INTC,Intel Now A 2026 Story,"Intel's turnaround under the new CEO has started, but the full recovery is expected to extend well into 2026. Q1 2025 results showed a slight revenue decline but beat estimates; however, gross margins and profits continue to struggle. INTC's divestiture of 51% of Altera aims to improve the balance sheet, despite Altera's valuation being nearly halved since its acquisition.",-0.01697382889688015,-0.02401803247630596,0.019107375293970108,-0.06230902671813965,0.01697382889688015,0.4603268504142761,6.062838077545166,5.822874069213867,5.788205623626709,6.027035713195801,0.48990535840977306,0.06280141539709456,0.03203209768069071
2025-05-05,INTC,Intel: Undervalued Even Without A Turnaround,"Intel's current financial performance is poor, but Q1 2025 results exceeded expectations, with revenue at $12.67 billion and a gross profit margin of 39.2%. I recommend buying Intel stock, valuing two scenarios: maintaining the vertical model and selling the foundry business, with potential values of $28 and $55 per share, respectively. Intel's strategic challenge lies in managing both design and manufacturing; selling the foundry business could simplify operations and boost profitability. Despite market challenges, I trust the new CEO to turn around INTC, making it a high-risk, high-return investment opportunity.",-0.016280213370919228,-0.022429613396525383,0.019272644072771072,-0.0714041218161583,0.016280213370919228,0.45952749252319336,6.011104106903076,5.7475104331970215,5.791384696960449,6.016054153442383,0.488791465490764,0.05711513727619933,-0.01697382964232408
2025-05-09,INTC,"Intel: Too Slow, Too Late",Intel’s Q1 results were relatively weak. The rising macro risks might affect its sales and costs in the following quarters. Intel remains a SELL for us right now.,0.03548086807131767,-0.01827923022210598,0.020301159471273422,-0.06253217160701752,0.03548086807131767,0.46214741468429565,6.0961809158325195,5.895807266235352,5.805576324462891,5.995912551879883,0.4916455200523889,0.03014649442880458,0.020000003633044994
2025-05-09,INTC,Intel: 2025 Will Be A Rebound Year,"Intel reported better-than-expected Q1 earnings despite no revenue growth, with adjusted EPS of $0.13 and revenues of $12.7B, beating estimates. Intel's restructuring is ongoing: the chipmaker sold a majority stake in Altera and focuses on core processor manufacturing for consumer and data center markets. Generative AI spending trends heavily work in favor of the chip-making industry. Intel's shares trade at a 24.7X P/E ratio, but restructuring gains should put the company on track for strong EPS growth going forward. Key risks include potential restructuring failure and weak data center execution, but strong demand trends support Intel's growth prospects in this segment.",0.03548086807131767,-0.014992652460932732,0.020301159471273422,-0.06953992694616318,0.03548086807131767,0.4624902904033661,5.932811260223389,5.7462592124938965,5.805576324462891,5.995912551879883,0.4920134034567961,0.03014649442880458,0.020000003633044994
2025-05-13,INTC,Intel's Massive Layoffs Speak Opportunity,"Intel Corporation, despite recent missteps, remains a significant player in the CPU industry with a market cap under $90 billion. The company has outperformed expectations, driven by a new CEO and strategic focus on correct decisions. Intel's strong domestic advantages and storied history present a unique investment opportunity. The company's future challenges are acknowledged, but its strategic direction offers INTC potential for growth.",-0.04609924927353859,-0.011643366888165474,0.020631853491067886,-0.061998240649700165,0.04609924927353859,0.45600396394729614,5.952530384063721,5.798823833465576,5.809826850891113,6.008532524108887,0.49346004946519906,0.030463389501680385,0.017132513775391045
2025-05-13,INTC,"With 18A, Intel Sets The Stage For A Turnaround Story","Intel's struggles began in the mid-to-late 2010s due to issues with innovative production technologies, eventually impacting revenue and margins from 2021 to 2024. Despite challenges, I invested in INTC due to the potential of 18A but sold 35% of my stake after CEO Pat Gelsinger's departure. Recent business updates suggest 18A is even more promising than initially thought, prompting me to double down on my investment. The article emphasizes the critical importance of 18A technology for Intel's future growth and recovery. The Company reportedly signed a major contract with a leading technological giant regarding 18A, setting the stage for the turnaround story.",-0.04609924927353859,-0.013863800093531609,0.020631853491067886,-0.05360258370637894,0.04609924927353859,0.46842074394226074,6.0066070556640625,5.879242897033691,5.809826850891113,6.008532524108887,0.4946421939054324,0.030463389501680385,0.017132513775391045
2025-05-16,INTC,Intel: Unable To Absorb AI Tailwinds,,-0.012927086092531681,-0.010807683691382408,0.020314957946538925,-0.05644781142473221,0.012927086092531681,0.45981940627098083,5.977453708648682,6.10252571105957,5.803996562957764,6.023979187011719,0.5051768301113918,0.030493893213265354,0.005104436855960071
2025-05-19,INTC,Intel's Make-Or-Break Moment Is Here,"Intel’s foundry unit posted a $2.3B operating loss in Q1 FY 2025 despite 8% QoQ revenue growth to $4.7B. Gross margin fell to 39.2% in Q1 and is projected to decline to ~36.5% in Q2 due to weak mix. Data Center and AI revenue dropped 5% QoQ, signaling continued share loss to AMD and ARM-based competitors. FY 2025 CapEx was cut to $18B from $20B, while OpEx is targeted to decline to $17B for cost control. Intel raised $4.4B from Altera stake sale and holds $21B in cash, providing a cushion for ongoing transformation efforts.",-0.005144934635609388,-0.02586263231933117,0.020056722685694695,-0.06431125104427338,0.005144934635609388,0.4638221561908722,6.098167419433594,5.570805072784424,5.80014705657959,6.012958526611328,0.4774032226487028,0.030716517252442198,-0.01292708627045358
2025-05-20,INTC,Intel: The Future Is Bright (Upgrade),"Intel's turnaround is gaining momentum under new leadership, focusing on aggressive cost-cutting, restructuring, and divestitures to streamline operations and boost profitability. Foundry growth and operating expense reduction are key catalysts for profit growth, with the U.S. chip manufacturing shift providing long-term opportunities despite current losses. Intel's cost-cutting measures, including significant layoffs, are already improving operating margins and could unlock substantial earnings power masked by restructuring efforts. If Intel executes on cost reduction and narrows Foundry losses, the stock could re-rate to $34, offering 55% upside, though risks remain if the turnaround falters.",-0.02726844884455204,-0.014658896252512932,0.020030483603477478,-0.06918200105428696,0.02726844884455204,0.4611457288265228,5.994459629058838,5.899459362030029,5.8003082275390625,6.008073329925537,0.4960063513505945,0.03005145404078127,-0.0051449348606515954
2025-05-20,INTC,Intel Is Having An Existential Crisis And Risks Losing More Market Share,"Intel faces ongoing growth headwinds in client and AI data center markets, losing share to AMD and Nvidia despite new design efforts. Intel's data center market share by revenue has declined from 61% in 2021 to 11% in 2024. Recapture share may not be feasible. New CEO Lip-Bu Tan is streamlining operations, cutting costs, and refocusing on core businesses like client and data center chip design. Management is expecting to reduce operating costs to $17mm for eFY25, flattening the corporate structure.",-0.02726844884455204,-0.024198776111006737,0.020030483603477478,-0.06526023894548416,0.02726844884455204,0.46930253505706787,6.033354759216309,5.791677474975586,5.8003082275390625,6.008073329925537,0.4897811152030987,0.03005145404078127,-0.0051449348606515954
2025-05-22,INTC,Intel Doesn't Need To Beat TSMC To Win - Nearing $20 Buy Signal,"Intel Corporation is our swing trade safe haven: buy under $20, sell above $23, and hold for the 18A node catalyst into 2026. 18A node is a game-changer with GAA and backside power; it'll enable share gain on PC Client from AMD and put IFS on the map against TSMC. Valuation is attractive, with INTC stock trading at a significant discount to peers, and expectations are getting revised down making for an easier beat. With new leadership and a clear catalyst, Intel is a buy under $20, with the potential to return to the $40s after 18A's success. Intel's 18A will carry it to new heights, and the more negative the market gets on this name, the more attractive it is to us.",-0.024330900982022285,-0.012044517323374748,0.020253386348485947,-0.06032448261976242,0.024330900982022285,0.4650125205516815,5.972262859344482,5.8536601066589355,5.802395343780518,5.997559547424316,0.49498547584710767,0.02651151306260175,-0.006766616403253156
